Name;Analys
улица 51-й Гвардейской дивизии; гвардейский дивизия
улица Горького; горький
Пионерская улица;"пионерский 
"
улица Арсеньева; арсеньев
улица Кухаренко; кухаренко
Молодёжная улица;"молодежный 
"
улица Циолковского; циолковский
Рабоче-Крестьянская улица;"рабочекрестьянский 
"
9-я улица;
улица Карбышева; карбышева
улица Машиностроителей; машиностроитель
улица 40 лет Победы; год победа
Дубовская улица;"дубовский 
"
улица Мира; мир
Оломоуцкая улица;"оломоуцкий 
"
улица Пушкина; пушкин
бульвар 30-летия Победы;летие победа
улица Дружбы; дружба
улица Клавы Нечаевой; клава нечаева
улица Рихарда Зорге; рихард зорге
Коммунистическая улица;"коммунистический 
"
проспект Ленина;ленин
бульвар Энгельса;энгельс
Университетский проспект;"университетский 
"
Метростроевская улица;"метростроевский 
"
шоссе Авиаторов;
Комсомольская улица;"комсомольский 
"
Сталинградская улица;"сталинградский 
"
улица Космонавтов; космонавт
улица Константина Симонова; константин симонова
улица 8-й Воздушной Армии;  воздушный армия
улица Землячки; землячка
Изобильная улица;"изобильный 
"
Гражданская улица;"гражданский 
"
проспект Героев Сталинграда;герой сталинград
улица Милиционера Буханцева; милиционер буханцев
улица Александрова; александров
улица Фадеева; фадеева
Комсомольская площадь;
Камская улица;"камский 
"
улица 87-й Гвардейской Дивизии;  гвардейский дивизия
улица Автомобилистов; автомобилист
Электролесовская улица;"электролесовский 
"
улица Маршала Еременко; маршал еременко
улица Вершинина; вершинина
улица Бульвар-Профсоюзов; профсоюз
улица Тулака; тулак
улица 40-летия Победы; летие победа
улица Маршала Ерёменко; маршал еременко
Андижанская улица;"андижанский 
"
Лазоревая улица;"лазоревый 
"
улица 64-й Армии;  армия
проспект Маршала Жукова;маршал жуков
Колосовая улица;"колосовой 
"
Историческая улица;"исторический 
"
Московская улица;"московский 
"
Остравская улица;"остравский 
"
Пролетарская улица;"пролетарский 
"
Петропавловская улица;"петропавловский 
"
улица Тельмана; тельман
площадь Свободы;
Корпоративная улица;"корпоративный 
"
улица Энгельса; энгельс
площадь Труда;
улица Химиков; химик
Удмуртская улица;"удмуртский 
"
улица Панфёрова; панферов
Гагринская улица;"гагринский 
"
улица Гороховцев; гороховец
Саушинская улица;"саушинский 
"
проспект Столетова;столетова
2-я Динамовская улица;"динамовский 
"
улица Бахтурова; бахтурова
Олимпийская улица;"олимпийский 
"
Ангарская улица;"ангарский 
"
проспект Канатчиков;канатчик
улица Ломакина; ломакина
проспект Металлургов;металлург
улица Николая Отрады; николай отрада
улица Грамши; грамша
Палласовская улица;"палласовский 
"
Светлоярская улица;"светлоярский 
"
улица 40 лет ВЛКСМ; год влксм
улица Дзержинского; дзержинский
Гремячинская улица;"гремячинский 
"
Мачтозаводская улица;"мачтозаводской 
"
Пятиморская улица;"пятиморский 
"
Марийская улица;"марийский 
"
улица Копецкого; копецкий
Олимпийский переулок;"олимпийский 
"
Вилянская улица;"вилянский 
"
Брестская улица;"брестский 
"
Николаевская улица;"николаевский 
"
улица 50 лет Октября; год октябрь
улица Янгеля; янгель
Баррикадная улица;"баррикадный 
"
улица Свердлова; свердлов
Астраханская улица;"астраханский 
"
проспект 9 Мая;май
Советская улица;"советский 
"
Набережная улица;"набережная 
"
Полевой переулок;"полевой 
"
Обводный переулок;"обводный 
"
Волгоградская улица;"волгоградский 
"
улица Якуба Коласа; якуб колас
улица Вучетича; вучетич
Российская улица;"российский 
"
улица Моцарта; моцарт
Заводская улица;"заводской 
"
улица Гайдара; гайдар
Мелиоративная улица;"мелиоративный 
"
Армавирская улица;"армавирский 
"
улица Одоевского; одоевский
улица Джека Лондона; джек лондон
Волгодонская улица;"волгодонский 
"
Фонтанная улица;"фонтанный 
"
улица Чайковского; чайковский
улица Ниловского; ниловский
2-я Штурманская улица;"штурманский 
"
улица Композитора Танеева; композитор танеев
2-я Караванная улица;"караванный 
"
улица Логинова; логинова
улица имени Ф.Г. Логинова; ф.г. логинов
Первомайская улица;"первомайский 
"
Штурманская улица;"штурманский 
"
Зерноградская улица;"зерноградский 
"
Староладожская улица;"староладожский 
"
Караванная улица;"караванный 
"
Компасная улица;"компасный 
"
улица Королёва; королева
улица Ленина; ленин
Армейский переулок;"армейский 
"
улица Карла Маркса; карл маркс
улица 19-го Партсъезда; го партсъезд
улица им. Вучетича; вучетич
улица Голубева; голубева
Ленинградская улица;"ленинградский 
"
50 лет Октября;
Дальняя улица;"дальний 
"
Удыгейская улица;"удыгейский 
"
улица Довженко; довженко
улица Советской Армии; советский армия
улица Маршала Жукова; маршал жуков
улица Черняховского; черняховский
улица Толбухина; толбухин
улица Городовикова; городовиков
Хабаровская улица;"хабаровский 
"
улица Кирова; кирова
Лесозаводская улица;"лесозаводский 
"
улица Чойбалсана; чойбалсан
Бугурусланская улица;"бугурусланский 
"
улица Сологубова; сологубово
улица Куйбышева; куйбышев
улица Фрунзе; фрунзе
улица Вознюка; вознюк
улица Островского; островский
улица Гагарина; гагарина
улица Ватутина; ватутина
Кооперативная улица;"кооперативный 
"
улица Кольцова; кольцов
улица Командира Рудь; командир рудь
Школьная улица;"школьный 
"
улица Академика Королёва; академик королева
улица Булаткина; булаткин
Судостроительная улица;"судостроительный 
"
Ялтинская улица;"ялтинский 
"
Новоаннинская улица;"новоаннинский 
"
Латвийская улица;"латвийский 
"
улица Героев Малой Земли; герой малый земля
улица Сидорова; сидоров
Орденская улица;"орденский 
"
Железнодорожная улица;"железнодорожный 
"
Харабалинская улица;"харабалинский 
"
Сарпинская улица;"сарпинский 
"
Норильская улица;"норильский 
"
Нижнедонская улица;"нижнедонский 
"
Мытищинская улица;"мытищинский 
"
улица Победы; победа
Новый переулок;"новый 
"
Артнабережная улица;"артнабережная 
"
1-й переулок;
улица Доценко; доценко
Алийская улица;"алийский 
"
Электростальская улица;"электростальский 
"
Корпусная улица;"корпусной 
"
Морская улица;"морской 
"
Тушинская улица;"тушинский 
"
Центральная улица;"центральный 
"
посёлок Нагорный;
улица Токарева; токарев
улица Мечникова; мечников
Строительная улица;"строительный 
"
Минская улица;"минский 
"
Луговая улица;"луговой 
"
улица Фролова; фролова
улица Военный городок; военный городок
улица Огарёва; огарев
Грушевская улица;"грушевский 
"
Пугачёвская улица;"пугачевский 
"
Иркутская улица;"иркутский 
"
Краснослободская улица;"краснослободский 
"
Бобруйская улица;"бобруйский 
"
улица Лавочкина; лавочкин
улица Уткина; уткин
Туркменская улица;"туркменский 
"
Аджарская улица;"аджарский 
"
Ярославская улица;"ярославский 
"
Авиаторская улица;"авиаторский 
"
Жердевская улица;"жердевский 
"
улица Льва Толстого; лев толстой
Осетинская улица;"осетинский 
"
улица 25-летия Октября; летие октябрь
Горячеводская улица;"горячеводский 
"
улица Академика Богомольца; академик богомолец
Моторная улица;"моторный 
"
Бетонный проезд;
Новорядская улица;"новорядский 
"
Козловская улица;"козловский 
"
улица КИМ; ким
Кирсановская улица;"кирсановский 
"
улица Калинина; калинин
Дачная улица;"дачный 
"
Колёсная улица;"колесный 
"
Парниковая улица;"парниковый 
"
Апрельская улица;"апрельский 
"
улица посёлок Саши Чекалина; поселок саша чекалин
улица Шаблиевского; шаблиевский
Затонская улица;"затонский 
"
Лазоревый переулок;"лазоревый 
"
улица Аксакова; аксаков
Садовая улица;"садовый 
"
Школьный переулок;"школьный 
"
Кузнецкая улица;"кузнецкий 
"
Липецкая улица;"липецкий 
"
Елецкая улица;"елецкий 
"
Новоузенская улица;"новоузенский 
"
Череповецкая улица;"череповецкий 
"
Симбирская улица;"симбирский 
"
Социалистическая улица;"социалистический 
"
Шлюзовой переулок;"шлюзовый 
"
Ардатовская улица;"ардатовский 
"
Комитетская улица;"комитетский 
"
улица Героев Шипки; герой шипка
улица 33-х Героев; х герой
улица Клавы Панчишкиной; клава панчишкин
улица 33 Героев; герой
проезд Строителей;
улица Строителей; строитель
бульвар Профсоюзов;профсоюз
улица Нариманова; нариманов
Криворожская улица;"криворожский 
"
Логовская улица;"логовский 
"
Алексеевская улица;"алексеевский 
"
Тормосиновская улица;"тормосиновский 
"
Казахская улица;"казахский 
"
улица Клавы-Нечаевой; клавынечаева
Инженерная улица;"инженерный 
"
улица Бутлерова; бутлерова
Лесобазовская улица;"лесобазовский 
"
улица Сулеймана Стальского; сулейман стальский
улица Шота Руставели; шота руставели
улица Водников; водник
улица Черепановых; черепанов
улица Хиросимы; хиросима
улица Пархоменко; пархоменко
улица Ткачёва; ткачев
улица Рокоссовского; рокоссовский
Новороссийская улица;"новороссийский 
"
Днестровская улица;"днестровский 
"
Двинская улица;"двинский 
"
Бобровская улица;"бобровский 
"
Георгиевская улица;"георгиевский 
"
Озёрный переулок;"озерный 
"
Бутурлиновская улица;"бутурлиновский 
"
Навлинская улица;"навлинский 
"
Вельботная улица;"вельботный 
"
Люблинская улица;"люблинский 
"
улица Быстрова; быстров
Изоляторная улица;"изоляторный 
"
улица Автодорога 7;" автодорога 
"
улица им. Быстрова; быстров
улица Федотова; федотов
Турбинная улица;"турбинный 
"
проспект им. В.И. Ленина;в.и. ленин
улица Генерала Штеменко; генерал штеменко
улица Никитина; никитин
Финская улица;"финский 
"
Люберецкая улица;"люберецкий 
"
Закавказская улица;"закавказский 
"
Самарская улица;"самарский 
"
улица Зины Маресевой; зина маресева
Красногорская улица;"красногорский 
"
улица Михаила Балонина; михаил балонин
набережная 62-й Армии;
улица Козьмы Минина; козьма минина
улица Козака; козак
Подольская улица;"подольский 
"
Фруктовая улица;"фруктовый 
"
Санаторная улица;"санаторный 
"
улица Курчатова; курчатова
улица Губкина; губкина
улица им. Губкина; губкина
улица Ивана Фёдорова; иван федоров
Мелитопольская улица;"мелитопольский 
"
Щёлковская улица;"щелковский 
"
Михайловская улица;"михайловский 
"
улица Плеханова; плеханова
Нефтезаводская улица;"нефтезаводской 
"
Весёлый переулок;"веселый 
"
Зеленоградский переулок;"зеленоградский 
"
Волжский проспект;"волжский 
"
Автодорожный проезд;
Шпалозаводская улица;"шпалозаводский 
"
Полевая улица;"полевой 
"
Краснозвёздная улица;"краснозвездный 
"
улица Качинцев; качинец
улица Адмирала Макарова; адмирал макаров
Тросовая улица;"тросовый 
"
улица Капитана Рачкова; капитан рачковый
улица Саши Чекалина; саша чекалина
Пионерский посёлок;
Спортивная улица;"спортивный 
"
улица Волжской Военной Флотилии; волжский военный флотилия
улица Медведева; медведева
Таманская улица;"таманский 
"
Раздорская улица;"раздорский 
"
Большевистская улица;"большевистский 
"
Прибрежная улица;"прибрежный 
"
улица имени Ф. Г. Логинова; ф. г. логинов
переулок Марата;марат
Союзная улица;"союзный 
"
Лимоновая улица;"лимоновый 
"
Окружная улица;"окружный 
"
Лавровая улица;"лавровый 
"
Алычёвая улица;"алычевая 
"
Нежинская улица;"нежинский 
"
улица Елисеева; елисеева
Моздокская улица;"моздокский 
"
Ростовская улица;"ростовский 
"
Академическая улица;"академический 
"
Профсоюзная улица;"профсоюзный 
"
улица Саши Филиппова; саша филиппов
Клубная улица;"клубный 
"
Шауляйская улица;"шауляйский 
"
Юрьевская улица;"юрьевский 
"
улица Хорошева; хорошев
Благовещенская улица;"благовещенский 
"
Жирновская улица;"жирновский 
"
улица Политрука Тимофеева; политрук тимофеев
улица Калеганова; калеганова
улица Твардовского; твардовский
Семигорская улица;"семигорский 
"
улица Полины Осипенко; полина осипенко
автодорога 7;
улица Севастопольская (автодорога 5-я объездная);" севастопольский (автодорога  объездной)
"
Ученическая улица;"ученический 
"
улица Михаила Паникахи; михаил паникахи
улица Тургенева; тургенева
улица Воровского; воровской
улица Анри Барбюса; анри барбюс
Нильская улица;"нильский 
"
Бурейская улица;"бурейский 
"
улица Автодорога 6;" автодорога 
"
6-я автодорога;
улица Римского-Корсакова; римскогокорсаков
улица Маршала Рыбалко; маршал рыбалко
Клинская улица;"клинский 
"
Саранская улица;"саранский 
"
Кавказская улица;"кавказский 
"
улица Марины Расковой; марина раскова
Солнечная улица;"солнечный 
"
Песчаная улица;"песчаный 
"
улица 7-я Автодорога;  автодорога
1-й Индустриальный проезд;
Складской переулок;"складской 
"
2-й Индустриальный проезд;
Дорожная улица;"дорожный 
"
улица 6-я Автодорога;  автодорога
Ковровская улица;"ковровский 
"
улица Автодорога 9;" автодорога 
"
улица Романенко; романенко
улица Генерала Романенко; генерал романенко
улица Комиссара Щербины; комиссар щербина
Тихвинский переулок;"тихвинский 
"
Солнечный переулок;"солнечный 
"
улица Комиссара Маркина; комиссар маркина
улица Скосырева; скосырева
Ленинская улица;"ленинский 
"
Ковенская улица;"ковенский 
"
Радомская улица;"радомский 
"
Гродненская улица;"гродненский 
"
Чигиринская улица;"чигиринский 
"
улица Таращанцев; таращанец
улица Хользунова; хользунова
улица Генерала Глушко; генерал глушко
Балашовская улица;"балашовский 
"
улица Чебышева; чебышев
Шефская улица;"шефский 
"
Линейная улица;"линейный 
"
Запорожская улица;"запорожский 
"
Китайская улица;"китайский 
"
Новосибирская улица;"новосибирский 
"
переулок Балакирева;балакирев
Гидростроевская улица;"гидростроевский 
"
Инструментальная улица;"инструментальная 
"
Крепильная улица;"крепильный 
"
улица Валентины Терешковой; валентина терешкова
улица Слепцова; слепцов
улица Голубятникова; голубятников
улица 50-летия ВЛКСМ; летие влксм
Заволжская улица;"заволжский 
"
Портовая улица;"портовый 
"
1-й Базовый проезд;
2-й Базовый проезд;
Октябрьская улица;"октябрьский 
"
Деповская улица;"деповский 
"
Крымская улица;"крымский 
"
Бакинская улица;"бакинский 
"
улица Землянского; землянский
улица 7-й Гвардейской Дивизии;  гвардейский дивизия
Печатная улица;"печатный 
"
Коммунальная улица;"коммунальный 
"
улица Глазкова; глазкова
улица Дымченко; дымченко
Пражская улица;"пражский 
"
2-я Горная улица;"горный 
"
Шоссейная, 1;
улица Петра Гончарова; петр гончаров
Библиотечная улица;"библиотечный 
"
улица Репина; репин
улица им. Репина; репин
улица им. маршала Еременко; маршал еременко
улица 39-й Гвардейской; гвардейский
улица им. Алехина; алехин
улица Правды; правда
улица им. Петра Гончарова; петр гончаров
улица Бажова; бажова
Богунская улица;"богунский 
"
Инициативная улица;"инициативный 
"
улица Кузнецова; кузнецова
улица Ольги Форш; ольга форш
Восточная улица;"восточный 
"
Короткая улица;"короткий 
"
Варшавская улица;"варшавский 
"
1-я Кузнецкая улица;"кузнецкий 
"
Рабочая улица;"рабочий 
"
улица Энтузиастов; энтузиаст
Рябиновый переулок;"рябиновый 
"
Партизанская улица;"партизанский 
"
Сибирская улица;"сибирский 
"
Промышленная улица;"промышленный 
"
Мельничная улица;"мельничный 
"
улица Памяти; память
улица Еременко; еременко
Новоремесленная улица;"новоремесленный 
"
улица Менделеева; менделеев
Башкирская улица;"башкирский 
"
улица им. Пржевальского; пржевальский
улица Пржевальского; пржевальский
Хрустальная улица;"хрустальный 
"
улица Ломоносова; ломоносов
Крестьянская улица;"крестьянский 
"
Омская улица;"омский 
"
улица Академика Бардина; академик бардин
улица Гидростроителей; гидростроитель
улица Колумба; колумб
Демократический переулок;"демократический 
"
улица Северный Городок; северный городок
улица Героев Тулы; герой тула
Ясноморская улица;"ясноморский 
"
Ясная улица;"ясный 
"
Брусничная улица;"брусничный 
"
улица им. Хользунова; хользунова
улица им. генерала Штеменко; генерал штеменко
Северный переулок;"северный 
"
улица Германа Титова; герман титов
улица Клары Цеткин; клара цеткин
посёлок 40 Домиков;
Триумфальная улица;"триумфальный 
"
Ударная улица;"ударный 
"
Цимлянская улица;"цимлянский 
"
улица Олеко Дундича; олеко дундич
Овражная улица;"овражный 
"
Зелёная улица;"зеленый 
"
Приканальная улица;"приканальный 
"
улица им. капитана Тряскина; капитан тряскин
улица Капитана Тряскина; капитан тряскин
Прибалтийская улица;"прибалтийский 
"
улица им. Рихарда Зорге; рихард зорге
улица Асланова; асланова
улица Кастерина; кастерин
улица Качалова; качалова
улица Поддубного; поддубный
улица 4-х Связистов; х связист
Восточная (Краснооктябрьский р-н) улица;"восточный (краснооктябрьский рн) 
"
улица им. Асланова; асланова
улица им. Менделеева; менделеев
Верхоянская улица;"верхоянский 
"
Созидательская улица;"созидательский 
"
улица Мясникова; мясников
улица им. Качалова; качалова
улица Менжинского; менжинский
улица им. Германа Титова; герман титов
Депутатская улица;"депутатский 
"
Мирный посёлок;
посёлок Мирный;
улица Кропоткина; кропоткин
улица Академика Павлова; академик павлова
набережная Волжской Флотилии;
Грамши;
улица Ястребова; ястребов
пос. 4-й участок;
Курильская улица;"курильский 
"
улица Генерала Ватутина; генерал ватутин
Тарифная улица;"тарифный 
"
улица Пельше; пельша
Софийская улица;"софийский 
"
Геленджикская улица;"геленджикский 
"
улица Лодыгина; лодыгин
улица Тракторостроителей; тракторостроитель
улица Адмирала Ушакова; адмирал ушаков
улица Позднышева; позднышева
Днепрогэсовская улица;"днепрогэсовский 
"
Сланцевая улица;"сланцевый 
"
улица Подполковника Болвинова; подполковник болвинов
улица Бетховена; бетховен
Малая улица;"малый 
"
улица Здоровцева; здоровцева
Заозёрная улица;"заозерный 
"
Колчеданная улица;"колчеданный 
"
улица Карпова; карпова
Апатитовая улица;"апатитовый 
"
Кварцевая улица;"кварцевый 
"
улица Титова; титов
Автомагистральная улица;"автомагистральный 
"
улица 62-й Армии; армия
Донская улица;"донской 
"
Зеленодольская улица;"зеленодольский 
"
улица Низами; низ
Студёная улица;"студеный 
"
Южно-Сибирская улица;"южносибирский 
"
посёлок 5-й участок;
Никопольская улица;"никопольская 
"
улица Дегтярёва; дегтярев
улица Жолудева; жолудев
Эльбрусская улица;"эльбрусский 
"
Батумская улица;"батумский 
"
Витимская улица;"витимский 
"
Эльтонская улица;"эльтонский 
"
Новодвинская улица;"новодвинский 
"
Рионская улица;"рионский 
"
Невская улица;"невский 
"
улица Чапаева; чапаева
улица Маршала Чуйкова; маршал чуйков
улица Гоголя; гоголь
Пролеткультская улица;"пролеткультский 
"
Сиреневая улица;"сиреневый 
"
Латошинская улица;"латошинский 
"
Клубничная улица;"клубничный 
"
Тополиная улица;"тополиный 
"
Прохладная улица;"прохладный 
"
Короткий переулок;"короткий 
"
Радужная улица;"радужный 
"
Краснознаменская улица;"краснознаменский 
"
улица 10-й Дивизии НКВД; дивизия нквд
улица Канунникова; канунников
улица Ким; ким
улица Чуйкова; чуйков
улица Шестакова; шестаков
Голубинская улица;"голубинская 
"
Донецкая улица;"донецкий 
"
Кубанская улица;"кубанский 
"
Свирская улица;"свирская 
"
Батальонная улица;"батальонный 
"
улица Генерала Гуртьева; генерал гуртьев
Аэропортовский переулок;"аэропортовский 
"
Загорская улица;"загорская 
"
Мукачевская улица;"мукачевский 
"
улица Салтыкова-Щедрина; салтыковащедрин
Ополченская улица;"ополченский 
"
Обливская улица;"обливский 
"
улица Атласова; атласова
улица Рыкачева; рыкачева
улица Луговского; луговской
переулок Ногина;ногина
Очаковская улица;"очаковский 
"
Льговская улица;"льговский 
"
улица Могилевича; могилевич
улица Баумана; бауман
улица Домостроителей; домостроитель
Шоссейная улица;"шоссейный 
"
улица Шурухина; шурухина
улица 95-й Гвардейской Дивизии; гвардейский дивизия
улица Гроссмана; гроссман
улица Борьбы; борьба
Магистральная улица;"магистральный 
"
улица Батова; батова
улица Демьяна Бедного; демьян бедный
улица Быкова; быков
улица Клименко; клименко
улица Гули Королёвой; гулить королева
улица Патриса Лумумбы; патрис лумумба
улица Аллея Героев; аллея герой
Гражданская площадь;
проспект Дружбы;дружба
улица Мещерякова; мещеряков
Химическая улица;"химический 
"
улица Наумова; наумов
улица Неждановой; нежданова
Ополченская улица 28А;ополченский  а
улица им. Кузнецова; кузнецова
Межевая улица;"межевой 
"
Мариупольская улица;"мариупольский 
"
улица Гвоздкова; гвоздкова
улица 35-й Гвардейской дивизии;  гвардейский дивизия
Стахановская улица;"стахановский 
"
Посёлок Кирпичного завода №8;
улица Тимирязева; тимирязева
улица Сухова; сухов
посёлок Стройдеталь;
Автотранспортная улица;"автотранспортный 
"
посёлок Кирпичного завода №2;
Песчанокопская улица;"песчанокопский 
"
улица Качуевской; качуевский
улица Мамина-Сибиряка; маминасибиряк
улица Новикова-Прибоя; новиковаприбой
улица Савиловой; савилова
улица Академика Комарова; академик комаров
Урюпинская улица;"урюпинский 
"
Панфиловская улица;"панфиловский 
"
улица Богданова; богданова
А-153;
улица Чернышевского; чернышевский
Даугавская улица;"даугавский 
"
улица Полухина; полухина
Славская улица;"славский 
"
улица Аренского; аренский
Слесарная улица;"слесарная 
"
улица 35-й Гвардейской;  гвардейский
Краснопресненская улица;"краснопресненский 
"
улица Ухтомского; ухтомский
Петроградская улица;"петроградский 
"
Калининградская улица;"калининградский 
"
Удмуртский переулок;"удмуртский 
"
Белгородская улица;"белгородский 
"
Антрацитная улица;"антрацитный 
"
Ахтубинская улица;"ахтубинский 
"
Верхнеахтубинская улица;"верхнеахтубинский 
"
Майкопская улица;"майкопский 
"
1-я Консервная улица;"консервный 
"
Одесская улица;"одесский 
"
Ельшанская улица;"ельшанский 
"
Корейская улица;"корейский 
"
Монгольская улица;"монгольский 
"
Полярная улица;"полярный 
"
Революционная улица;"революционный 
"
Абхазская улица;"абхазский 
"
Краснорядская улица;"краснорядский 
"
Интернациональная улица;"интернациональный 
"
улица Андреева; андреев
95-Гвардейской дивизии;
Шадринская улица;"шадринский 
"
947+013 км трасса Р22 «Каспий» (с правой стороны по направлению в г. Волгоград);
Совхозная улица;"совхозный 
"
Чакинский переулок;"чакинский 
"
улица Леваневского; леваневский
Семипалатинский переулок;"семипалатинский 
"
Ленинаканская улица;"ленинаканский 
"
улица им. Костюшко; костюшко
Перископская улица;"перископский 
"
3-я Продольная улица;"продольный 
"
4-я Продольная улица;" продольный 
"
2-я Продольная улица;"продольный 
"
1-я Продольная улица;"продольный 
"
улица 2-я Очередь; очередь
посёлок Аэропорт;
Овражный переулок;"овражный 
"
ПМК-40;
улица 1050-й километр; километр
улица Ворошилова; ворошилов
Орехово-Зуевская улица;"ореховозуевский 
"
Фабричный переулок;"фабричный 
"
улица Академика Зелинского; академик зелинский
Брасовская улица;"брасовский 
"
улица Шкирятова; шкирятов
улица Ивана Франко; иван франко
улица Костюченко; костюченко
Берёзовая улица;"березовый 
"
улица Дундича; дундич
улица Матросова; матросов
улица Максима Горького; максим горький
Лесная улица;"лесной 
"
улица Байдакова; байдаков
Лесной переулок;"лесна 
"
улица Шопена; шопен
Краснополянская улица;"краснополянский 
"
Республиканская улица;"республиканский 
"
Колпинская улица;"колпинский 
"
улица 51-й Гвардейской; гвардейский
улица Маршала Толбухина; маршал толбухин
улица Смирнова; смирнов
Ярославский переулок;"ярославский 
"
улица Павлова; павлова
улица Молодогвардейцев; молодогвардеец
улица Орджоникидзе; орджоникидзе
Волжская улица;"волжский 
"
улица Вильгельма Пика; вильгельм пик
улица Казначеева; казначеев
Степная улица;"степной 
"
Саратовская улица;"саратовский 
"
Амурский переулок;"амурский 
"
улица 20-го Партсъезда; го партсъезд
улица Полоненко; полоненко
Краснодарский переулок;"краснодарский 
"
улица Пивнева; пивнев
Заплавинская улица;"заплавинский 
"
Тополевая улица;"тополевый 
"
улица Стрельникова; стрельников
Журавлинская улица;"журавлинский 
"
улица Сёмушкина; семушкин
улица Леонова; леонова
Южная улица;"южный 
"
Южный переулок;"южный 
"
Родниковая улица;"родниковый 
"
Оранжерейная улица;"оранжерейный 
"
улица Шумилова; шумилов
улица Генерала Шумилова; генерал шумилов
Тупиковая улица;"тупиковый 
"
Второй переулок;"второй 
"
улица Мухина; мухин
Красноармейская улица;"красноармейский 
"
Заречная улица;"заречный 
"
Первый переулок;"первый 
"
улица 8 Марта;  март
Парковая улица;"парковый 
"
Воркутинская улица;"воркутинский 
"
улица Степана Разина; степан разина
улица 13-й Гвардейской Дивизии; гвардейский дивизия
Лемешкинская улица;"лемешкинский 
"
улица Царицынской Обороны; царицынский оборона
Серпуховская улица;"серпуховский 
"
улица Порт-Саида; портсаид
улица Соколова; соколова
улица Желябова; желябов
трасса Краснослободск-Средняя Ахтуба;
Орловская улица;"орловский 
"
улица Володарского; володарский
площадь Павших Борцов;
улица Рыбалко; рыбалко
Верхнебалканская улица;"верхнебалканский 
"
Глубокоовражная улица;"глубокоовражный 
"
Производственная улица;"производственный 
"
Петровская улица;"петровский 
"
Шекснинская улица;"шекснинский 
"
улица Жукова; жукова
улица Мусоргского; мусоргский
Качинцев;
Трёхгорная улица;"трехгорный 
"
улица Качинчев; качинчев
улица Карла Либкнехта; карла либкнехт
Ингульская улица;"ингульский 
"
Памирский проезд;
Аракская улица;"аракский 
"
Безымянная улица;"безымянный 
"
улица Танкистов; танкист
улица Нестерова; нестерова
Балахнинская улица;"балахнинский 
"
улица им. Вершинина; вершинина
улица Сургучёвка; сургучевка
Чистоозёрная улица;"чистоозерный 
"
улица Горишного; горишный
Газовая улица;"газовый 
"
Вогульская улица;"вогульский 
"
Энергетическая улица;"энергетический 
"
8-я Песчаная улица;" песчаный 
"
посёлок Металлургов;
Восточно-Казахстанская улица;"восточноказахстанский 
"
улица Гейне; гейне
Ессентукская улица;"ессентукская 
"
улица Панкратовой; панкратова
улица Гнесиных; гнесина
Шебелинская улица;"шебелинская 
"
Полесская улица;"полесский 
"
Егорьевская улица;"егорьевский 
"
Кутузовская улица;"кутузовский 
"
Кунцевская улица;"кунцевский 
"
улица Савкина; савкин
Козловский переулок;"козловский 
"
Безымянный переулок;"безымянный 
"
18-я Песчаная улица;" песчаный 
"
Мирный проезд;
Трансформаторная улица;"трансформаторный 
"
Киевская улица;"киевский 
"
Тверская улица;"тверская 
"
Пермская улица;"пермский 
"
Тихорецкая улица;"тихорецкий 
"
Новостроевский переулок;"новостроевский 
"
Тракторозаводская улица;"тракторозаводский 
"
Тупиковый переулок;"тупиковый 
"
Рязанская улица;"рязанский 
"
Ананасовая улица;"ананасовый 
"
Прокатная улица;"прокатный 
"
Новгородская улица;"новгородский 
"
Ботаническая улица;"ботанический 
"
Чапурниковская балка;
Симферопольская улица;"симферопольский 
"
Вычегодская улица;"вычегодский 
"
улица Пестеля; пестель
улица Кочеткова; кочеткова
Речная улица;"речной 
"
Вишнёвая улица;"вишневый 
"
Яблоневая улица;"яблоневый 
"
25-я улица;" 
"
Куринская улица;"куринский 
"
Раздольная улица;"раздольный 
"
Продольная улица;"продольный 
"
Полоцкая улица;"полоцкий 
"
улица Киквидзе; киквидзе
Сульская улица;"сульский 
"
Миусская улица;"миусский 
"
улица Сакко и Ванцетти; сакко и ванцетти
Бугская улица;"бугский 
"
Аннинская улица;"аннинский 
"
Узбекская улица;"узбекский 
"
Новосельская улица;"новосельская 
"
Хуторская улица;"хуторской 
"
Царицынская улица;"царицынский 
"
Лекарская улица;"лекарский 
"
Сосновская улица;"сосновский 
"
Иловлинская улица;"иловлинский 
"
Донбасская улица;"донбасский 
"
Задонская улица;"задонский 
"
Кобринская улица;"кобринский 
"
Большая улица;"больший 
"
Севская улица;"севский 
"
Знаменская улица;"знаменский 
"
Костровая улица;"костровый 
"
Календарная улица;"календарный 
"
улица Пехотинцев; пехотинец
3-я Южная улица;"южный 
"
3-я Северная улица;"северный 
"
1-я Северная улица;"северный 
"
1-я Южная улица;"южный 
"
2-я Южная улица;"южный 
"
4-я Северная улица;" северный 
"
2-я Северная улица;"северный 
"
4-я Южная улица;" южный 
"
7-я Северная улица;" северный 
"
6-я Южная улица;" южный 
"
5-я Южная улица;" южный 
"
9-я Северная улица;"северный 
"
6-я Северная улица;" северный 
"
Нововокзальная улица;"нововокзальный 
"
улица Ракетчиков; ракетчик
Вьюжная улица;"вьюжный 
"
улица Лётчиков; летчик
Нововокзальный переулок;"нововокзальный 
"
Троицкая улица;"троицкая 
"
улица Софьи Ковалевской; софья ковалевская
улица Яблочкина; яблочкин
улица Попова; попов
улица Халтурина; халтурин
улица Дусева; дусев
улица Степкина; степкин
Прудовая улица;"прудовой 
"
Серебряный переулок;"серебряный 
"
улица Генерала Гурова; генерал гуров
Сестрорецкая улица;"сестрорецкая 
"
Кемеровская улица;"кемеровский 
"
улица Баженова; баженова
улица Полковника Батюка; полковник батюк
улица Братьев Толмачёвых; брат толмачев
Зеленогорская улица;"зеленогорский 
"
Оросительная улица;"оросительный 
"
2-я Гидростроевская улица;"гидростроевский 
"
улица Павлика Морозова; павлик морозов
улица Колесникова; колесников
улица Шаденко; шаденко
Жмеринская улица;"жмеринский 
"
улица В.М.Кокова; в.м.коков
Грушовая улица;"грушовый 
"
Фестивальная улица;"фестивальный 
"
Пятиизбянская улица;"пятиизбянский 
"
Третьяковская улица;"третьяковский 
"
Виноградная улица;"виноградный 
"
Персиковый переулок;"персиковый 
"
Конечная улица;"конечный 
"
Первая улица;"первый 
"
Четвёртая улица;"четвертый 
"
Третья улица;"третий 
"
Чусовая улица;"чусовая 
"
улица 30;" 
"
улица Семеренко; семеренко
Любская улица;"любская 
"
Истринская улица;"истринский 
"
Вторая улица;"второй 
"
2-й Зелёный переулок;"зеленый 
"
Заводской переулок;"заводской 
"
Вольская улица;"вольская 
"
Руднянская улица;"руднянский 
"
Кирпичная улица;"кирпичный 
"
пр Ленина;
Джаныбековская улица;"джаныбековский 
"
Малая Садовая улица;"малый садовый 
"
Большая Садовая улица;"большой садовый 
"
Жмеринский переулок;"жмеринский 
"
Степновский переулок;"степновский 
"
Пятая улица;"пятый 
"
Десятая улица;"десятый 
"
улица Ползунова; ползунова
Балхашская улица;"балхашский 
"
Дорогобужская улица;"дорогобужский 
"
Старосельская улица;"старосельская 
"
Архивная улица;"архивный 
"
Мокшанская улица;"мокшанский 
"
Крайняя улица;"крайний 
"
Свияжская улица;"свияжский 
"
Рощинская улица;"рощинский 
"
улица Писемского; писемский
Волчанская улица;"волчанская 
"
Усманский переулок;"усманский 
"
улица Коммунаров; коммунар
улица Мичурина; мичурина
Саранский посёлок;
Миргородская улица;"миргородский 
"
Елецкий переулок;"елецкий 
"
Роменская улица;"роменский 
"
улица Ляпунова; ляпунова
Усть-Бузулукская улица;"устьбузулукский 
"
Терновая улица;"терновый 
"
Катерный переулок;"катерный 
"
Пригородная улица;"пригородный 
"
Молдавская улица;"молдавский 
"
Политотдельская улица;"политотдельский 
"
Колхозная улица;"колхозный 
"
улица Зорге; зорге
Сивашская улица;"сивашский 
"
улица Денисенко; денисенко
улица Стрельца; стрелец
улица Пожарского; пожарский
улица Красных Командиров; красный командир
улица Маяковского; маяковский
Коломенская улица;"коломенский 
"
Бородинская улица;"бородинский 
"
улица им. Пожарского; пожарский
Краснолиманская улица;"краснолиманский 
"
улица Грекова; греков
Ртищевская улица;"ртищевский 
"
улица Боровиковского; боровиковский
улица им. Елены Колесовой; елена колесова
улица Елены Колесовой; елена колесова
Чирчикская улица;"чирчикский 
"
Тепличный переулок;"тепличный 
"
Лесомелиоративная улица;"лесомелиоративный 
"
Дальневосточная улица;"дальневосточный 
"
Подгорная улица;"подгорный 
"
Семипалатинская улица;"семипалатинский 
"
Ленинабадская улица;"ленинабадский 
"
Пролейская улица;"пролейский 
"
Водопроводная улица;"водопроводный 
"
улица Коммуны; коммуна
Долгий переулок;"долгий 
"
Дербентская улица;"дербентский 
"
Воропоновская улица;"воропоновский 
"
Чебоксарский переулок;"чебоксарский 
"
Моздокский переулок;"моздокский 
"
Варненский переулок;"варненский 
"
Балканский переулок;"балканский 
"
улица им. Боровиковского; боровиковский
Земляничный переулок;"земляничный 
"
Старополтавская улица;"старополтавский 
"
Конноармейская улица;"конноармейский 
"
улица им. Стрельца; стрелец
Бежецкая улица;"бежецкая 
"
Пилотский переулок;"пилотский 
"
Каменная улица;"каменный 
"
Пилотская улица;"пилотский 
"
Камышинская улица;"камышинский 
"
Магнитная улица;"магнитная 
"
Нижнетагильская улица;"нижнетагильский 
"
Лиговский переулок;"лиговский 
"
Краснолиманский переулок;"краснолиманский 
"
Пограничный переулок;"пограничный 
"
улица Бестужева; бестужева
улица Щербакова; щербаков
Михайловский переулок;"михайловский 
"
2-й Майский переулок;"майский 
"
Мелитопольский переулок;"мелитопольский 
"
Абганеровская улица;"абганеровский 
"
Майская улица;"майский 
"
Гжатский переулок;"гжатский 
"
Никольский переулок;"никольский 
"
Куликовская улица;"куликовская 
"
Шамбрунский переулок;"шамбрунский 
"
Сквозной переулок;"сквозной 
"
Чембарская улица;"чембарский 
"
Чембарский переулок;"чембарский 
"
3-й проезд Покровского;
2-й проезд Покровского;
улица Покровского; покровский
4-й проезд Покровского;
1-й проезд Покровского;
5-й проезд Покровского;
улица Покровского 7-й пр.; покровский  пр.
6-й проезд Покровского;
улица им. Покровского; покровский
улица Покровского 8-й пр.; покровский  пр.
Советский переулок;"советский 
"
Набережный переулок;"набережный 
"
Щелковский переулок;"щелковский 
"
Ковыльная улица;"ковыльный 
"
Пальмовая улица;"пальмовый 
"
1-й Майский переулок;"майский 
"
Московский переулок;"московский 
"
Литовская улица;"литовский 
"
улица Чехова; чехов
Минеральная улица;"минеральный 
"
2-я улица Лескова; лесков
Репродукторная улица;"репродукторный 
"
Механическая улица;"механический 
"
Бурятская улица;"бурятский 
"
1-я улица Лескова; лесков
улица 26 Июня;  июнь
Учётная улица;"учетный 
"
Лесопильная улица;"лесопильный 
"
Ковыльный переулок;"ковыльный 
"
Ольховский переулок;"ольховский 
"
Гороховский переулок;"гороховский 
"
Мингечаурская улица;"мингечаурский 
"
Усть-Каменогорский переулок;"устькаменогорский 
"
Воткинский переулок;"воткинский 
"
Октябрьский переулок;"октябрьский 
"
Мраморный переулок;"мраморный 
"
улица Красных Партизан; красный партизан
Железный переулок;"железный 
"
Североморская улица;"североморский 
"
Кленовая улица;"кленовый 
"
Кизиловая улица;"кизиловый 
"
Тростниковая улица;"тростниковый 
"
Еловая улица;"еловый 
"
Дашавский переулок;"дашавский 
"
Клязьминская улица;"клязьминский 
"
Катальповая улица;"катальповая 
"
Бытовая улица;"бытовой 
"
Сокольниковская улица;"сокольниковский 
"
Красноозёрная улица;"красноозерный 
"
Шелковичная улица;"шелковичный 
"
Псковский переулок;"псковский 
"
Кленовый переулок;"кленовый 
"
улица Генерала Апанасенко; генерал апанасенко
Волжский переулок;"волжский 
"
переулок Генерала Апанасенко;генерал апанасенко
Даниловский переулок;"даниловский 
"
Тутовая улица;"тутовый 
"
Апельсиновая улица;"апельсиновый 
"
Анисовая улица;"анисовый 
"
Апельсиновый переулок;"апельсиновый 
"
Гранатовая улица;"гранатовый 
"
Катальповый переулок;"катальповый 
"
Абрикосовая улица;"абрикосовый 
"
Каштановая улица;"каштановый 
"
Вязовая улица;"вязовый 
"
Кипарисовая улица;"кипарисовый 
"
Хирургический переулок;"хирургический 
"
улица Седова; седов
Медвежьегорская улица;"медвежьегорский 
"
Офицерская улица;"офицерский 
"
Ясеневая улица;"ясеневый 
"
Рябиновая улица;"рябиновый 
"
Розовая улица;"розовый 
"
улица Матюшенко; матюшенко
Миндальная улица;"миндальный 
"
Астровая улица;"астровый 
"
Забайкальская улица;"забайкальский 
"
улица Композитора Варламова; композитор варламов
улица Войкова; войков
Тюльпановая улица;"тюльпановый 
"
Рославльская улица;"рославльский 
"
Североозёрная улица;"североозерный 
"
Южно-Уральская улица;"южноуральский 
"
Фиалковая улица;"фиалковый 
"
Ромашковая улица;"ромашковый 
"
Бамбуковая улица;"бамбуковый 
"
Косогорная улица;"косогорный 
"
Павлодарская улица;"павлодарский 
"
Дубовая улица;"дубовый 
"
Южнобережный переулок;"южнобережный 
"
Южнобережная улица;"южнобережный 
"
улица Генерала Доватора; генерал доватор
улица Кипренского; кипренский
улица Коллонтай; коллонтай
Шаблиевская улица;"шаблиевский 
"
Ореховая улица;"ореховый 
"
Кременская улица;"кременский 
"
Бамбуковая  улица;"бамбуковый  
"
Ильмовая улица;"ильмовый 
"
улица Шевченко; шевченко
улица Луначарского; луначарский
улица Достоевского; достоевский
улица Добролюбова; добролюбов
улица 2-я Капустная балка; капустный балка
улица 1-я Капустная Балка; капустный балка
улица 3-я Капустная Балка; капустный балка
посёлок Капустная балка;
улица Капустная балка 2;" капустный балка 
"
улица Алексеева; алексеева
Синельниковская улица;"синельниковский 
"
улица Рубинштейна; рубинштейн
улица Композитора Гурилева; композитор гурилева
улица Лейтенанта Лукина; лейтенант лукин
Клайпедская улица;"клайпедский 
"
Верхнеднепровская улица;"верхнеднепровский 
"
Внуковская улица;"внуковский 
"
Каунасская улица;"каунасский 
"
Перещепинская улица;"перещепинский 
"
Нижнеднепровская улица;"нижнеднепровский 
"
улица Тани Скоробогатовой; таня скоробогатова
Новокраматорский переулок;"новокраматорский 
"
улица Михаила Фрунзе; михаил фрунзе
улица Полотебнова; полотебнов
улица Шишкина; шишкин
улица Горячкина; горячкин
улица Лазерева; лазерева
улица Ильи Каплунова; илья каплунов
улица Каменщикова; каменщиков
улица Танкиста Маркина; танкист маркина
Катунская улица;"катунский 
"
Суходольская улица;"суходольская 
"
Бирюсинская улица;"бирюсинский 
"
Туманская улица;"туманский 
"
Яузенская улица;"яузенский 
"
Тобольская улица;"тобольский 
"
Ильменская улица;"ильменский 
"
Деснянская улица;"деснянская 
"
Надымская улица;"надымский 
"
улица Воронкова; воронкова
переулок Успенского;успенский
Черемшанская улица;"черемшанский 
"
Кедровая улица;"кедровый 
"
Барнаульская улица;"барнаульский 
"
Дубовский переулок;"дубовский 
"
Сухореченский переулок;"сухореченский 
"
2-й переулок Никитина;никитин
1-й переулок Никитина;никитин
переулок Добролюбова;добролюбов
улица Серафимовича; серафимович
улица Радищева; радищев
Астраханский переулок;"астраханский 
"
Первоуральская улица;"первоуральский 
"
Шлюзовая улица;"шлюзовой 
"
улица Гастелло; гастелло
Североуральская улица;"североуральский 
"
Мопровская улица;"мопровский 
"
улица Декабристов; декабристов
Братская улица;"братский 
"
Пехотная улица;"пехотный 
"
Аврорская улица;"аврорская 
"
улица Шекспира; шекспир
улица Ромена Роллана; ромен роллан
переулок Достоевского;достоевский
Ключевой переулок;"ключевой 
"
улица Белинского; белинский
улица Короленко; короленко
Зоологическая улица;"зоологический 
"
Базарный переулок;"базарный 
"
Красноуфимская улица;"красноуфимский 
"
улица Селищева; селищев
Краснодонский переулок;"краснодонский 
"
1-й переулок Короленко;короленко
улица Успенского; успенский
Балаковский переулок;"балаковский 
"
Клубный переулок;"клубный 
"
Барбарисовая улица;"барбарисовый 
"
Травяная улица;"травяной 
"
улица Энергетиков; энергетик
Долгопрудная улица;"долгопрудный 
"
Солёная улица;"соленый 
"
Пятигорская улица;"пятигорский 
"
переулок Розы Люксембург;роза люксембург
Тутовый переулок;"тутовый 
"
Кедровый переулок;"кедровый 
"
Черемшанский переулок;"черемшанский 
"
Тополевый переулок;"тополевый 
"
Лиственная улица;"лиственный 
"
Хвойная улица;"хвойный 
"
Розовая переулок;"розовый 
"
Сенная улица;"сенной 
"
Фиалковый переулок;"фиалковый 
"
1-й проезд;
2-й проезд;
улица Розы Люксембург; роза люксембург
улица 1-й Пятилетки; пятилетка
Печатный переулок;"печатный 
"
Ачинский переулок;"ачинский 
"
Залесский переулок;"залесский 
"
улица Жуковского; жуковский
улица Сурикова; суриков
Параллельная улица;"параллельный 
"
Химзаводская улица;"химзаводской 
"
Промысловая улица;"промысловый 
"
улица Шиллера; шиллер
улица посёлок Веселая Балка; поселок веселый балка
улица В.М.Шукшина; в.м.шукшин
улица Григория Засекина; григорий засекин
улица Буркова; буркова
улица Симонова; симонов
улица Маргариты Агашиной; маргарита агашина
улица Окунева; окунев
улица Богомолова; богомолов
улица Платонова; платонов
улица Стругацких; стругацкий
Илекская улица;"илекский 
"
улица Академика Лихачёва; академик лихачев
улица Бунина; бунин
улица Шолохова; шолохов
улица Аверченко; аверченко
улица Булгакова; булгаков
улица Зощенко; зощенко
переулок Аверченко;аверченко
улица Ивана Лапикова; иван лапиков
Горнополянская улица;"горнополянский 
"
улица Лётчика Лямина; летчик лямин
Угловая улица;"угловой 
"
Даманская улица;"даманский 
"
улица Фёдора Крюкова; федор крюкова
улица Николая Любимова; николай любимов
улица Григория Горина; григорий горин
улица Лётчика Холодова; летчик холодов
улица Александра Баскакова; александра баскакова
Печёрская улица;"печерский 
"
Университетский;
улица Маршала Василевского; маршал василевский
30-я линия;
улица Маршала Воронова; маршал воронова
Таймырский проезд;
Аткарский переулок;"аткарский 
"
Больничный переулок;"больничный 
"
Больничная улица;"больничный 
"
Бригадная улица;"бригадный 
"
Васильсурская улица;"васильсурский 
"
Сальская улица;"сальская 
"
улица Покрышкина; покрышкина
улица Ивана Морозова; иван морозов
Мезенская улица;"мезенский 
"
улица 51-й Гвардейской Дивизии; гвардейский дивизия
Водная улица;"водный 
"
улица Лейтенанта Мостового; лейтенант мостовый
переулок Лейтенанта Мостового;лейтенант мостовый
Геологическая улица;"геологический 
"
Вольная улица;"вольная 
"
Микрорайон;
Новая улица;"новый 
"
Фастовская улица;"фастовский 
"
улица Новостройка; новостройка
Гомельская улица;"гомельский 
"
Привокзальная улица;"привокзальный 
"
Ольховская улица;"ольховский 
"
улица Мушкетова; мушкетова
улица Палиашвили; палиашвили
Широкая улица;"широкий 
"
Станционная улица;"станционный 
"
Портовская улица;"портовский 
"
Дубовый переулок;"дубовый 
"
улица Рылеева; рылеев
Монтёрская улица;"монтерский 
"
Шахтинская улица;"шахтинский 
"
улица Некрасова; некрасова
Симбирский переулок;"симбирский 
"
Гатчинская улица;"гатчинский 
"
улица Павших борцов; пасть борец
площадь 40 лет Сталинградской битвы;
Лесогорская улица;"лесогорский 
"
Тайшетский проезд;
Аптечный проезд;
Серийный проезд;
Жигулёвская улица;"жигулевский 
"
Виноградный переулок;"виноградный 
"
Мариинская улица;"мариинский 
"
Княгинская улица;"княгинский 
"
Венская улица;"венский 
"
Дунайская улица;"дунайский 
"
Привольная улица;"привольный 
"
25 лет Октября;
улица Чуркина; чуркина
улица 19-я Линия; линия
Кронштадтская улица;"кронштадтский 
"
Вяземская улица;"вяземский 
"
Лужская улица;"лужский 
"
Кабардинская улица;"кабардинский 
"
Острогожская улица;"острогожский 
"
Котлубанская улица;"котлубанский 
"
Кайсацкая улица;"кайсацкий 
"
Суровикинская улица;"суровикинский 
"
Стадионная улица;"стадионный 
"
улица Североморцев; североморец
Нагорная улица;"нагорный 
"
Кольцевая улица;"кольцевой 
"
улица Куприна; куприн
Красноволжская улица;"красноволжский 
"
Шахтёрская улица;"шахтерский 
"
Чебоксарская улица;"чебоксарский 
"
Карьерная улица;"карьерный 
"
Огородная улица;"огородный 
"
Мончегорская улица;"мончегорский 
"
улица Просвещения; просвещение
Минераловодская улица;"минераловодский 
"
Ставропольская улица;"ставропольский 
"
Ленская улица;"ленский 
"
Грузинская улица;"грузинский 
"
Васильковская улица;"васильковский 
"
Севастопольская улица;"севастопольский 
"
Курская улица;"курская 
"
Каспийская улица;"каспийский 
"
Карская улица;"карский 
"
улица Мелиораторов; мелиоратор
Рузаевская улица;"рузаевский 
"
улица Алишера Навои; алишер навои
улица Мостостроителей; мостостроитель
Вокзальная улица;"вокзальный 
"
Вильнюсская улица;"вильнюсский 
"
Высоковольтная улица;"высоковольтный 
"
улица 1-я Линия; линия
улица Фридриха Энгельса; фридрих энгельс
Приморская улица;"приморский 
"
Украинская улица;"украинский 
"
Азовская улица;"азовский 
"
улица Чкалова; чкалов
Алтайская улица;"алтайский 
"
Енисейская улица;"енисейский 
"
улица № 11;" № 
"
Канальная улица;"канальный 
"
улица Аллея Строителей; аллея строитель
Алданская улица;"алданский 
"
улица Азизбекова; азизбеков
Грейдерная улица;"грейдерный 
"
Ашхабадская улица;"ашхабадский 
"
Карповская улица;"карповский 
"
Ленкоранская улица;"ленкоранский 
"
Елабужская улица;"елабужский 
"
Чонгарская улица;"чонгарский 
"
Иверская улица;"иверский 
"
Ежовская улица;"ежовский 
"
Сиреневый бульвар;"сиреневый 
"
Платановая улица;"платановый 
"
Ивовая улица;"ивовый 
"
Паслёновая улица;"пасленовый 
"
Тисовая улица;"тисовый 
"
Черешневая улица;"черешневый 
"
Калачёвская улица;"калачевский 
"
Персиковая улица;"персиковый 
"
Серебряная улица;"серебряный 
"
Пойменная улица;"пойменный 
"
Думская улица;"думский 
"
Скифская улица;"скифский 
"
Административная улица;"административный 
"
Авторемонтная улица;"авторемонтный 
"
Томская улица;"томский 
"
Средневолжская улица;"средневолжский 
"
Карпатский проезд;
Максимовский разъезд;
Белоглинская улица;"белоглинский 
"
Куйбышевская улица;"куйбышевский 
"
40 лет Сталинградской битвы;
8-й Воздушной Армии улица;" воздушный армия 
"
улица Нефтяников; нефтяник
улица Павших Борцов; пасть борец
площадь Павших борцов;
Площадь Возрождения;
улица 8-го Гвардейского Танкового корпуса; го гвардейский танковый корпус
улица Луконина; луконина
Трубный проезд;
51 Гвардейская;
проезд Нефтяников;
Калужская улица;"калужский 
"
Образцовая улица;"образцовый 
"
улица 70 лет Октября; год октябрь
улица Ковентри; ковентри
улица Зенитчиков; зенитчик
Тунисский проезд;
проезд Дорожников;
улица Балакирева; балакирев
улица Возрождения; возрождение
улица Герцена; герцен
улица им. Герцена; герцен
улица Щорса; щорс
Верхняя улица;"верхний 
"
Верхний переулок;"верхний 
"
Донской переулок;"донской 
"
Садовый переулок;"садовый 
"
Озёрная улица;"озерный 
"
улица Есенина; есенин
улица Малозёмова; малоземов
Лиховская улица;"лиховский 
"
Владимирская улица;"владимирский 
"
улица Грибанова; грибанова
улица Солнечникова; солнечников
улица Михайлова; михайлов
Черноморская улица;"черноморский 
"
944 км трасса Р22 «Каспий» (с правой стороны по направлению в г. Волгоград);
Орошаемая улица;"орошаемый 
"
Ельшанская набережная;
улица им. Матевосяна; матевосян
улица Алехина; алехин
Бетонная улица;"бетонный 
"
проезд Геофизиков;
Прутский проезд;
улица Дорожников; дорожник
Прямая улица;"прямой 
"
Бульвар Профсоюзов;профсоюз
Иртышская улица;"иртышский 
"
Металлургическая улица;"металлургический 
"
Тамбовская улица;"тамбовский 
"
Кубинская улица;"кубинский 
"
Батурская улица;"батурский 
"
Онежская улица;"онежский 
"
Балтийская улица;"балтийский 
"
Демократическая улица;"демократический 
"
Станция Садовая;
улица Зевина; зевин
про;
Яблочная улица;"яблочный 
"
Павловская улица;"павловский 
"
улица Панина; панин
Черновицкая улица;"черновицкий 
"
Двуреченская улица;"двуреченский 
"
Чарджуйская улица;"чарджуйский 
"
улица Иванова; иванова
Бирская улица;"бирский 
"
Юная улица;"юный 
"
улица Коровина; коровина
Лагерная улица;"лагерный 
"
Селенгинская улица;"селенгинский 
"
Белостокская улица;"белостокский 
"
улица Николая Сердюкова; николай сердюкова
улица Бредихина; бредихина
Армянская улица;"армянский 
"
Мемельская улица;"мемельский 
"
Преображенская улица;"преображенский 
"
Переяславская улица;"переяславский 
"
улица Лавренёва; лавренев
улица Восстания; восстание
Таллинская улица;"таллинский 
"
Северокавказская улица;"северокавказский 
"
улица Крупской; крупская
улица Жданова; жданова
Нахичеванская улица;"нахичеванский 
"
Рыночная улица;"рыночный 
"
Славянская улица;"славянский 
"
улица Лысенко; лысенко
Жигулёвский переулок;"жигулевский 
"
Цветочный переулок;"цветочный 
"
Приовражный переулок;"приовражный 
"
улица 40 лет Октября; год октябрь
переулок Степана Разина;степан разина
Северная улица;"северный 
"
Прохладный переулок;"прохладный 
"
Покровская улица;"покровский 
"
Жемчужный переулок;"жемчужный 
"
Казачий переулок;"казачий 
"
улица Красина; красин
Авиационная улица;"авиационный 
"
1-я Озёрная улица;"озерный 
"
переулок 1 Котец;котец
улица Урицкого; урицкий
улица Суворова; суворов
улица Жлобина; жлобин
улица Баканева; баканев
Кривой переулок;"кривая 
"
переулок Перская;перская
улица 12 Декабря; декабрь
улица 1 Мая; май
2-я Озёрная улица;"озерный 
"
Харьковская улица;"харьковский 
"
Детская улица;"детская 
"
Полтавская улица;"полтавский 
"
Лебединская улица;"лебединская 
"
улица Кутузова; кутузов
Болсановская улица;"болсановский 
"
Солянская улица;"солянский 
"
Волховская улица;"волховский 
"
улица Д. Бедного; д. бедный
Степной переулок;"степной 
"
Чинарская улица;"чинарский 
"
улица Джамбула Джабаева; джамбул джабаева
улица Фиолетова; фиолетовый
улица Джапаридзе; джапаридзе
улица Александра Беляева; александра беляев
улица Петра Круглова; петр круглов
улица Михаила Чембарова; михаил чембарова
улица Николая Сарафанова; николай сарафанова
улица Ващенко; ващенко
улица Пчелина; пчелиный
улица Дубинина; дубинина
улица Савицкого; савицкий
улица Дарвина; дарвин
улица Генерала Хрюкина; генерал хрюкина
улица Максима Пассара; максим пассар
улица Кошута; кошут
улица Мочалова; мочалова
улица Яна Райниса; яна райнис
улица Антонина Дворжака; антонина дворжак
улица Павленко; павленко
улица Юлиуса Фучика; юлиус фучик
улица Коганова; коганова
улица Басина; басина
улица Чембарова; чембаров
переулок Полухина;полухина
улица Габышева; габышева
улица Солнцева; солнцев
улица Генерала Гурьева; генерал гурьев
Соловьиная улица;"соловьиный 
"
Райский переулок;"райский 
"
Рубиновый переулок;"рубиновый 
"
Черёмуховая улица;"черемуховый 
"
переулок Ващенко;ващенко
переулок Николая Сарафанова;николай сарафанова
улица Корганова; корганова
Карагандинская улица;"карагандинский 
"
Нижнечирская улица;"нижнечирский 
"
Пр Университетский;
Курмоярская улица;"курмоярская 
"
Подтелковская улица;"подтелковский 
"
Балыклейская улица;"балыклейский 
"
Светогорская улица;"светогорский 
"
Арчединская улица;"арчединский 
"
Абаканская улица;"абаканский 
"
Серноводская улица;"серноводский 
"
Верейская улица;"верейская 
"
Чернышковская улица;"чернышковский 
"
Ельниковый переулок;"ельниковый 
"
Актюбинская улица;"актюбинский 
"
Каховская улица;"каховский 
"
Малая Кольцевая улица;"малый кольцевой 
"
Ерусланская улица;"ерусланский 
"
Медведецкая улица;"медведецкая 
"
Хопёрская улица;"хоперский 
"
Казачья улица;"казачий 
"
микрорайон Южный улица Покровская;микрорайон южный  покровский
улица Бегичева; бегичев
улица Мусы Джалиля; мус джалиля
Кузнечная улица;"кузнечный 
"
переулок Тракторострой;тракторострой
улица Уварова; уваров
Береговая улица;"береговой 
"
Смоленская улица;"смоленский 
"
Слободская улица;"слободской 
"
Паласовская улица;"паласовский 
"
Быковская улица;"быковский 
"
Царевская улица;"царевский 
"
Рахинская улица;"рахинский 
"
Западная улица;"западный 
"
Рудовская улица;"рудовский 
"
улица Победителей; победитель
Черниговская улица;"черниговский 
"
Спортивный переулок;"спортивный 
"
Вятская улица;"вятский 
"
улица Клары Нечаевой; клара нечаева
Парниковый переулок;"парниковый 
"
Пригородный переулок;"пригородный 
"
Глухой переулок;"глухой 
"
Тифлисская улица;"тифлисский 
"
Козмольский переулок;"козмольский 
"
улица Толстого; толстой
улица Янки Купалы; янка купала
улица Малиновского; малиновский
улица Ивановского; ивановский
улица Бабича; бабич
улица Пономарёва; пономарев
улица Помнющего; помнющий
улица Моисеева; моисеева
улица Ерина; ерин
Научная улица;"научный 
"
улица Ханпаши Нурадилова; ханпаши нурадилов
Кагальникская улица;"кагальникская 
"
Адлерская улица;"адлерский 
"
Костомаровская улица;"костомаровский 
"
Адлерский переулок;"адлерский 
"
улица Жлобы; жлоб
Керамическая улица;"керамический 
"
улица Ильина; ильин
площадь Матросова;
улица Джамбулы Джабаева; джамбул джабаева
улица Германа; герман
Таврическая улица;"таврический 
"
Театральная улица;"театральный 
"
улица Диккенса; диккенс
Орская улица;"орский 
"
Измайловская улица;"измайловский 
"
улица Стасова; стасова
улица Моисеенко; моисеенко
посёлок Южный;
Шумроватый переулок;"шумроватый 
"
улица Елены Стемпковской; елена стемпковской
площадь Дзержинского;
Кинешминская улица;"кинешминский 
"
Керамический переулок;"керамический 
"
Кедроградская улица;"кедроградский 
"
улица Житкова; житкова
улица Станислава Монюшко; станислава монюшко
Денисовская улица;"денисовский 
"
улица Марка Твена; марка твен
Бессарабская улица;"бессарабский 
"
Глубинная улица;"глубинный 
"
Лениногорская улица;"лениногорский 
"
Штурманский переулок;"штурманский 
"
улица им. Лермонтова; лермонтов
Аральская улица;"аральский 
"
улица им. Туманяна; туманян
Причальная улица;"причальный 
"
Подгорный переулок;"подгорный 
"
Новопортная улица;"новопортный 
"
улица Костюшко; костюшко
Западный переулок;"западный 
"
Привокзальная площадь;
улица Шуберта; шуберт
улица Марата; марат
Старорусская улица;"старорусский 
"
Нижняя улица;"нижний 
"
Ольгинская улица;"ольгинский 
"
Островная улица;"островной 
"
улица Красных Зорь; красный зоря
Пригородный тупик;
улица Волкова; волков
Портовый переулок;"портовый 
"
улица Чаадаева; чаадаева
улица Марковникова; марковников
улица Миклухо-Маклая; миклухомаклай
Еланская улица;"еланский 
"
Ровенский переулок;"ровенский 
"
Ежевичная улица;"ежевичный 
"
Урожайная улица;"урожайный 
"
Цветочная улица;"цветочный 
"
улица Лундышева; лундышева
улица Иваницкого; иваницкий
улица Красикова; красиков
Чечено-Ингушская улица;"чеченоингушский 
"
Енотаевская улица;"енотаевский 
"
Нарвская улица;"нарвский 
"
Морфлотская улица;"морфлотский 
"
Белоглининская улица;"белоглининский 
"
Автозаводская улица;"автозаводской 
"
улица Макаренко; макаренко
улица Пирогова; пирогов
Приокская улица;"приокский 
"
Манычская улица;"манычский 
"
улица Москвичёва; москвичев
Янтарная улица;"янтарный 
"
улица ЛЗС; лзс
Воронежская улица;"воронежский 
"
улица Курочкина; курочкин
Ереванская улица;"ереванский 
"
Бекетовская улица;"бекетовский 
"
улица Наримана; нариман
Огородный переулок;"огородный 
"
Лесхозная улица;"лесхозный 
"
Туркестанская улица;"туркестанский 
"
Завоеванская улица;"завоеванский 
"
Байкальская улица;"байкальский 
"
улица Лылова; лылов
Пролетарский переулок;"пролетарский 
"
Забалковская улица;"забалковский 
"
Юбилейная улица;"юбилейный 
"
Прогонный переулок;"прогонный 
"
Весёлая улица;"веселый 
"
Забалковский переулок;"забалковский 
"
Сосновая улица;"сосновый 
"
Прогонная улица;"прогонный 
"
193;
улица Лисянского; лисянский
Камышовая улица;"камышовый 
"
улица Вячеслава Шишкова; вячеслав шишкова
Днепровская улица;"днепровский 
"
улица Венецианова; венецианова
Бульварная улица;"ная 
"
Волынская улица;"волынский 
"
Феодосийская улица;"феодосийский 
"
Ужгородская улица;"ужгородский 
"
Тбилисская улица;"тбилисский 
"
Мариновская улица;"мариновский 
"
Перелазовская улица;"перелазовский 
"
Новосёловская улица;"новоселовский 
"
,23 стрелковой дивизии улица;",стрелковый дивизия 
"
Землячки - Игарская;
Придорожная улица;"придорожный 
"
улица Лобачевского; лобачевский
улица Академика Палладина; академик палладина
Яснополянская улица;"яснополянский 
"
Нальчикская улица;"нальчикский 
"
Нефтегорская улица;"нефтегорский 
"
Алмазная улица;"алмазный 
"
улица Брюллова; брюллов
Малиновая улица;"малиновый 
"
Таловская улица;"таловский 
"
улица 10;" 
"
Читинская улица;"читинский 
"
Поворинская улица;"поворинский 
"
улица Докучаева; докучаев
Университетская улица;"университетский 
"
Окольная улица;"окольный 
"
Оленегорская улица;"оленегорский 
"
Крутая улица;"крутой 
"
Курганная улица;"курганный 
"
Звёздная улица;"звездный 
"
Высотная улица;"высотный 
"
Плодородная улица;"плодородный 
"
Черноярская улица;"черноярская 
"
ж.д.станция Татьянка;
Ряжская улица;"ряжский 
"
Медногорская улица;"медногорский 
"
Джанкойская улица;"джанкойский 
"
Лисичанская улица;"лисичанский 
"
Каменец-Подольская улица;"каменецподольский 
"
Горностаевская улица;"горностаевский 
"
Доволенская улица;"доволенский 
"
улица Лядова; лядова
Центральный переулок;"центральный 
"
Альпийская улица;"альпийский 
"
Барабинская улица;"барабинский 
"
Замкнутый переулок;"замкнутый 
"
улица Тропинина; тропинина
Айвовая улица;"айвовый 
"
улица гвардии сержанта Шумского; гвардия сержант шумское
Житкурская улица;"житкурская 
"
Озёрная;
Самаркандская улица;"самаркандский 
"
Падунская улица;"падунский 
"
Воздушный переулок;"воздушный 
"
улица гвардии полковника Добрушина; гвардия полковник добрушин
Школьная;
Советская;
60 лет Октября;
Аэрофлотская улица;"аэрофлотский 
"
Киргизская улица;"киргизский 
"
улица XXII Съезда КПСС; xxii съезд кпсс
Тихая улица;"тихий 
"
улица Турусова; турусова
Кавказкая улица;"кавказкий 
"
Бранда 510;
улица им. Базарова; базаров
10-я улица;
улица Нахимова; нахимова
улица № 10;" № 
"
8-я улица;" 
"
Высокая улица;"высокий 
"
"СНТ ""Тюльпан-1"", линия 6";
улица Галилея; галилей
ж/д станция Татьянка;
11 линия;
1-й Промышленный переулок;"промышленный 
"
переулок Лесопитомника;лесопитомник
улица 16;" 
"
Кировская улица;"кировский 
"
улица Маресьева; маресьева
Авангардная улица;"авангардный 
"
Зелёный переулок;"зеленый 
"
улица Заводская 10;" заводской 
"
Придорожный переулок;"придорожный 
"
улица Дежнёва; дежнев
Тираспольская улица;"тираспольский 
"
улица Краснодонцев; краснодонец
Львовская улица;"львовский 
"
улица Степанищева; степанищев
Путиловская улица;"путиловский 
"
Проспект Ленина;ленин
улица Гаря Хохолова; гарь хохолов
улица Лермонтова; лермонтов
Охотская улица;"охотский 
"
Могилёвская улица;"могилевская 
"
улица Курсекова; курсеков
Аграрная улица;"аграрный 
"
Окраинная улица;"окраинный 
"
Сборочная улица;"сборочный 
"
Свободная улица;"свободный 
"
улица Костычева; костычев
улица Талалихина; талалихина
улица Левитана; левитан
улица Расула Гамзатова; расул гамзатова
улица им. Мичурина; мичурина
Платиновая улица;"платиновый 
"
Исетская улица;"исетский 
"
Игарская улица;"игарский 
"
Южно-Украинская улица;"южноукраинский 
"
Северо-Крымская улица;"северокрымский 
"
Добринская улица;"добринский 
"
2-я Лесная улица;"лесной 
"
2-я Виноградная улица;"виноградный 
"
Грушевая улица;"грушевый 
"
"СНТ ""Кировец""";
Алычовая улица;"алычовый 
"
Вишневая улица;"вишневый 
"
Сливовая улица;"сливовый 
"
1-я линия;
2-я линия;
4-я линия;
5-я линия;
6-я линия;
7-я линия;
8-я линия;
9-я линия;
10-я линия;
11-я линия;
12-я линия;
13-линия;
6-я б линия;
14-я линия;
15-я линия;
16-я линия;
17-я линия;
18-я линия;
19-я линия;
18-я Б линия;
18-я В линия;
Летняя улица;"летний 
"
Большая Кольцевая улица;"большой кольцевой 
"
Центральная Аллея улица;"центральный аллея 
"
Радиальная улица;"радиальный 
"
Лазурная улица;"лазурный 
"
Нежная улица;"нежный 
"
Красивая улица;"красивый 
"
Плодовая улица;"плодовый 
"
Музыкальная улица;"музыкальный 
"
улица Романтиков; романтик
Жемчужная улица;"жемчужный 
"
Осенняя улица;"осенний 
"
Листопадная улица;"листопадный 
"
Медовая улица;"медовый 
"
улица им. Рахманинова; рахманинов
улица им. Гайдара; гайдар
Сумская улица;"сумский 
"
улица Филатова; филатова
улица им. Щорса; щорс
Стрелецкий переулок;"стрелецкий 
"
улица им. Сержанта Воронова; сержант воронова
Чирская улица;"чирский 
"
Гаражная улица;"гаражный 
"
20-я линия;
"СНТ ""Восход""";
21-я линия;
22-я линия;
23 а линия;
23-я линия;
улица им. Крылова; крылов
Краснокамская улица;"краснокамский 
"
Гвардейская улица;"гвардейский 
"
улица Воссоединения; воссоединение
Автономная улица;"автономный 
"
Архитектурная улица;"архитектурный 
"
Античная улица;"античный 
"
улица им. Антипова; антипова
Адмиралтейская улица;"адмиралтейский 
"
24-я линия;
25-я линия;
улица им. Покровского 3-й проезд; покровский проезд
26-я линия;
27-я линия;
28-я линия;
29-я линия;
31-я линия;
32-я линия;
"СНТ ""40 лет Октября"", массив 1, квартал 33";
Можжевеловая улица;"можжевеловый 
"
Граничная улица;"граничный 
"
"СНТ ""40 лет Октября"" массив 1, квартал 31";
г. Волгоград на пересечении улица Автомагистральной и 3-ей продольной магистрали;г. волгоград на пересечение  автомагистральный и она продольный магистраль
"СНТ ""40 лет Октября"", массив 2, квартал 1";
"СНТ ""40 лет Октября"", массив 2, квартал 4";
"СНТ ""40 лет Октября"", массив 2, квартал 3";
"СНТ ""40 лет Октября"", массив 2, квартал 2";
Краснофлотская улица;"краснофлотский 
"
улица им. Ульянова; ульянов
улица Крейсера Варяг; крейсер варяг
улица им. Сеченова; сеченова
улица Лейтенанта Дороша; лейтенант дорош
улица 1-й Конной Армии; конный армия
улица им. Сорокина; сорокина
Аэродромная улица;"аэродромный 
"
улица им. лейтенанта Дороша; лейтенант дорош
Планерная улица;"планерный 
"
Геническая улица;"генический 
"
Просторная улица;"просторный 
"
улица им. Белинского; белинский
улица им. Чайковского; чайковский
переулок им. Лермонтова;лермонтов
Баргузинская улица;"баргузинский 
"
2-я Лесогорская улица;"лесогорский 
"
бульвар 30 летия Победы;летие победа
Техническая улица;"технический 
"
Транспортный переулок;"транспортный 
"
улица Обороны Ленинграда; оборона ленинград
улица Обороны Одессы; оборона одесса
Снайперская улица;"снайперский 
"
Стрелковая улица;"стрелковый 
"
Касимовская улица;"касимовский 
"
Малая (Краснооктябрьский р-н) улица;"малый (краснооктябрьский рн) 
"
Малый переулок;"малый 
"
2-я Малая улица;"малый 
"
Затонский переулок;"затонский 
"
Пересечение улица Кубинской и улица 2-й Горной;пересечение  кубинский и  горный
улица Обороны Севастополя; оборона севастополь
Волочаевская улица;"волочаевский 
"
Волочаевский переулок;"волочаевский 
"
2-я Волочаевская улица;"волочаевский 
"
Мамаевский переулок;"мамаевский 
"
2-я улица им. Лермонтова; лермонтов
Мамаевская улица;"мамаевская 
"
Сызранская улица;"сызранский 
"
улица им. Ушинского; ушинский
улица Рутковского; рутковский
улица им. Нестерова; нестерова
1-й переулок им. Репина;репин
2-й переулок им. Репина;репин
улица им. Айвазовского; айвазовский
улица им. Семашко; семашко
Уссурийская улица;"уссурийский 
"
Сочинская улица;"сочинский 
"
Короткая (Краснооктябрьский р-н) улица;"короткий (краснооктябрьский рн) 
"
Белебейская улица;"белебейский 
"
улица Айвазовского; айвазовский
улица Щаденко; щаденко
В планировочном квартале 614;
Пересечение пр-кта Металлургов и улица им. маршала Еременко;пересечение пркт металлург и  маршал еременко
Пересечение улица Богунской и улица им. маршала Еременко;пересечение  богунский и  маршал еременко
Пересечение пр-кта Металлургов и улица им. Кузнецова;пересечение пркт металлург и  кузнецов
улица им. Ольги Ковалёвой; ольга ковалева
4-я Заводская улица;" заводской 
"
улица Радистов; радист
Хвалынская улица;"хвалынский 
"
Хвалынский переулок;"хвалынский 
"
Прожекторный переулок;"прожекторный 
"
Брестский переулок;"брестский 
"
Восьмая улица;"восьмой 
"
Каневская улица;"каневский 
"
аллея Фонтанов;
переулок Алишера Навои;алишер навои
Рижская улица;"рижский 
"
улица  им. Дзержинского;  дзержинский
Проезжая улица;"проезжать 
"
Узорная улица;"узорный 
"
Любимая улица;"любимый 
"
Богатырская улица;"богатырский 
"
Лунная улица;"лунный 
"
Внешняя улица;"внешний 
"
Бодрая улица;"бодрый 
"
Звонкая улица;"звонкий 
"
Амурская улица;"амурский 
"
Волнистая улица;"волнистый 
"
Тбилисский переулок;"тбилисский 
"
переулок имени Коневского;коневский
Восьмой переулок;"восьмой 
"
Девятая улица;"девятый 
"
улица Демченко; демченко
улица Теплова; теплов
улица Кожанова; кожанова
улица Трыханкина; трыханкин
Солдатская улица;"солдатский 
"
Сердобская улица;"сердобский 
"
Канальный переулок;"канальный 
"
Полетаевская улица;"полетаевский 
"
Светлоградская улица;"светлоградский 
"
Уфимская улица;"уфимский 
"
Ергенинская улица;"ергенинский 
"
Благодатная улица;"благодатный 
"
Вознесенская улица;"вознесенский 
"
Чесменская улица;"чесменский 
"
улица им. Олега Кошевого; олег кошевой
улица им. Ульяны Громовой; ульяна громовой
улица Связистов; связист
Кунгурская улица;"кунгурский 
"
Северодвинская улица;"северодвинский 
"
Шуйская улица;"шуйский 
"
Тарханская улица;"тарханский 
"
Сходненская улица;"сходненский 
"
Нижневартовская улица;"нижневартовский 
"
улица Рублёва; рублев
Каргопольская улица;"каргопольский 
"
Богуйская улица;"богуйский 
"
улица Зелёная зона; зеленый зона
улица им. Димитрова; димитров
Новошахтинская улица;"новошахтинский 
"
Сталеварная улица;"сталеварный 
"
Докторская улица;"докторский 
"
Землемерная улица;"землемерный 
"
Шофёрская улица;"шоферский 
"
Учительская улица;"учительская 
"
Спокойный переулок;"спокойный 
"
Медведицкая улица;"медведицкий 
"
улица Вишневского; вишневский
Купавинская улица;"купавинский 
"
Тирольская улица;"тирольский 
"
Калиновская улица;"калиновский 
"
улица Паши Ангелиной; паша ангелина
улица Щукина; щукина
Географическая улица;"географический 
"
улица Николая Ильина; николай ильина
улица Дышлового; дышловой
улица Хазова; хазов
улица Коперника; коперник
улица Лейтенанта Шмидта; лейтенант шмидт
улица Шапошникова; шапошников
Туапсинская улица;"туапсинский 
"
улица Снайпера Чехова; снайпер чехов
Армейская улица;"армейский 
"
улица Берзарина; берзарина
Баскунчакская улица;"баскунчакский 
"
Бухарская улица;"бухарский 
"
улица Вычугова; вычугова
улица Салуткина; салуткин
Областная улица;"областной 
"
Моторный переулок;"моторный 
"
Железнодорожный переулок;"железнодорожный 
"
улица Коцюбинского; коцюбинский
улица Брюсова; брюсов
улица имени Софьи Перовской; софья перовская
Оскольская улица;"оскольский 
"
Часовой переулок;"часовой 
"
Сапёрная улица;"саперный 
"
Новослободский переулок;"новослободский 
"
Кроткая улица;"кроткий 
"
Красная улица;"красный 
"
Нахичеванская улица,;
Мозырьская улица;"мозырьский 
"
Малоярославецкая улица;"малоярославецкий 
"
Холмистая улица;"холмистый 
"
Кристальная улица;"кристальный 
"
Песочная улица;"песочный 
"
проезд Механизаторов;
Тихий переулок;"тихий 
"
Каратальская улица;"каратальский 
"
Тру;
Тракторная улица;"тракторный 
"
Речной переулок;"речной 
"
Старательская улица;"старательский 
"
Кондукторская улица;"кондукторский 
"
Палехская улица;"палехский 
"
улица Лебедева-Кумача; лебедевакумач
Крутой проезд;
Мечетинская улица;"мечетинский 
"
улица Щепкина; щепкин
улица Савиной; савина
Оросительный переулок;"оросительный 
"
Памирский переулок;"памирский 
"
переулок Красина;красин
улица Бакунина; бакунин
Муромская улица;"муромский 
"
улица Боткина; боткин
улица Зои Космодемьянской; зоя космодемьянский
улица Михаила Хвастанцева; михаил хвастанцев
улица Заславского; заславский
улица Тютчева; тютчев
Кизлярская улица;"кизлярский 
"
Шатурская улица;"шатурский 
"
Водопадная улица;"водопадный 
"
Вязниковский переулок;"вязниковский 
"
Алюминевая улица;"алюминевый 
"
Свободный переулок;"свободный 
"
улица Набережная; набережная
36-я улица;" 
"
35-я улица;" 
"
42-я улица;
43-я улица;
40-я улица;
38-я улица;" 
"
37-я улица;" 
"
улица Надежды Крупской; надежда крупская
33-я улица;
32-я улица;
31-я улица;
30-я улица;
29-я улица;
28-я улица;" 
"
27-я улица;" 
"
26-я улица;" 
"
39-я улица;
Дарасунская улица;"дарасунский 
"
Североосетинская улица;"североосетинский 
"
Кабардино-Балкарская улица;"кабардинобалкарский 
"
улица Чекистов; чекист
Валуйская улица;"валуйский 
"
Лесозащитная улица;"лесозащитный 
"
Горьковская улица;"горьковский 
"
Симеизская улица;"симеизский 
"
Плотницкая улица;"плотницкий 
"
Сторожевая улица;"сторожевой 
"
улица Котельникова; котельников
улица Ивана Антонова; иван антонова
Технологический переулок;"технологический 
"
Узловая улица;"узловой 
"
Типографская улица;"типографский 
"
улица Бехтерева; бехтерев
улица Бурмакова; бурмаков
улица Композитора Прокофьева; композитор прокофьев
улица Дружбы Народов; дружба народ
улица Сенявина; сенявина
Ярцевская улица;"ярцевский 
"
улица Туристов; турист
Мценская улица;"мценский 
"
Индустриальный переулок;"индустриальный 
"
Электрогорская улица;"электрогорский 
"
Буровая улица;"буровой 
"
улица Юрия Смирнова; юрий смирнов
Навигационная улица;"навигационный 
"
переулок Юрия Смирнова;юрий смирнов
улица им. Сергея Лазо; сергей лазо
Художественная улица;"художественный 
"
Товарищеская улица;"товарищеский 
"
Суздальская улица;"суздальский 
"
Новаторская улица;"новаторский 
"
Таганская улица;"таганский 
"
Железноводская улица;"железноводский 
"
Лубянская улица;"лубянский 
"
Архангельская улица;"архангельский 
"
улица Руднева; руднев
Заполярная улица;"заполярный 
"
Навигационный переулок;"навигационный 
"
улица Шаляпина; шаляпин
Монтажный переулок;"монтажный 
"
Чугунолитейный переулок;"чугунолитейный 
"
Чепурниковский переулок;"чепурниковский 
"
Ягодный переулок;"ягодный 
"
улица Плещеева; плещеев
Спокойная улица;"спокойный 
"
улица Богдана Хмельницкого; богдан хмельницкий
улица Помяловского; помяловский
улица Заболотного; заболотный
Великолукская улица;"великолукский 
"
Закарпатская улица;"закарпатский 
"
Татищевская улица;"татищевский 
"
Дивногорская улица;"дивногорский 
"
Моршанская улица;"моршанский 
"
Днепростроевская улица;"днепростроевский 
"
2-й Охотничий переулок;"охотничий 
"
3-й Охотничий переулок;"охотничий 
"
Араратский переулок;"араратский 
"
Араратская улица;"араратский 
"
Подмосковная улица;"подмосковный 
"
Береславская улица;"береславский 
"
Водораздельная улица;"водораздельный 
"
1-й Охотничий переулок;"охотничий 
"
2-я Спортивная улица;"спортивный 
"
1-я Спортивная улица;"спортивный 
"
Житомирская улица;"житомирская 
"
Винницкая улица;"винницкая 
"
Луговой переулок;"луговой 
"
Рабочий переулок;"рабочий 
"
Гурзуфская улица;"гурзуфский 
"
Гурзуфский переулок;"гурзуфский 
"
улица Провещения; провещение
Дрогобыченская улица;"дрогобыченский 
"
Якутская улица;"якутский 
"
Сухумская улица;"сухумский 
"
Лётная улица;"летный 
"
2-й Лётный переулок;"летный 
"
1-й Лётный переулок;"летный 
"
Физкультурная улица;"физкультурный 
"
3-я Ельшанская улица;"ельшанский 
"
Горно-Алтайская улица;"горнолтайский 
"
Сухумский переулок;"сухумский 
"
Чугуевская улица;"чугуевский 
"
Чистяковская улица;"чистяковский 
"
Ивановская улица;"ивановский 
"
Пинская улица;"пинский 
"
Рогачёвская улица;"рогачевский 
"
Кабардинский переулок;"кабардинский 
"
Винницкий переулок;"винницкий 
"
улица 26 Бакинских Комиссаров;  бакинский комиссар
Оршанский переулок;"оршанский 
"
Трудовой переулок;"трудовой 
"
Гражданский переулок;"гражданский 
"
3-й Лётный переулок;"летный 
"
Городская улица;"городской 
"
1-й Манежный переулок;"манежный 
"
2-й Манежный переулок;"манежный 
"
3-й Манежный переулок;"манежный 
"
4-й Манежный переулок;" манежный 
"
4-й Лётный переулок;" летный 
"
Былинная улица;"былинный 
"
Выборгская улица;"выборгский 
"
Таёжная улица;"таежный 
"
Гудовская улица;"гудовский 
"
улица Николая Кибальчича; николай кибальчич
Невинномысская улица;"невинномысский 
"
Зональная улица;"зональный 
"
улица Мичурин Сад; мичурин сад
Капитанская улица;"капитанский 
"
Новинская улица;"новинский 
"
Вогульский переулок;"вогульский 
"
улица Владимира Петровского; владимир петровский
Кольская улица;"кольский 
"
улица Братьев Игнатовых; брат игнатов
Морозовская улица;"морозовский 
"
Вёшенская улица;"вешенская 
"
переулок Руднева;руднев
Верхоянский переулок;"верхоянский 
"
Кустанайская улица;"кустанайский 
"
Столбовая улица;"столбовой 
"
3-й Былинный переулок;"былинный 
"
Телефонная улица;"телефонный 
"
Анадырская улица;"анадырский 
"
Районная улица;"районный 
"
Дебальцевская улица;"дебальцевский 
"
Долинная улица;"долинный 
"
Апшеронская улица;"апшеронский 
"
Русская улица;"русский 
"
Лужниковская улица;"лужниковский 
"
Прилукская улица;"прилукский 
"
1-й Былинный переулок;"былинный 
"
Черниговский переулок;"черниговский 
"
Москворецкая улица;"москворецкий 
"
Красногородская улица;"красногородский 
"
Славгородская улица;"славгородский 
"
Новосокольническая улица;"новосокольнический 
"
Новоустюжский переулок;"новоустюжский 
"
Соликамская улица;"соликамский 
"
Подъёмная улица;"подъемный 
"
переулок Академика Палладина;академик палладина
улица Перова; перова
улица Поленова; поленов
улица Васнецова; васнецова
улица Паленова; паленова
Качалинский переулок;"качалинский 
"
улица Демьянова; демьянова
улица Тищенко; тищенко
Нижнеамурская улица;"нижнеамурский 
"
Оборонная улица;"оборонный 
"
улица Александра Матросова; александра матросова
улица Сергея Тюленина; сергей тюленин
1-й Еланский переулок;"еланский 
"
2-й Еланский переулок;"еланский 
"
Тунгусская улица;"тунгусский 
"
улица Военный городок-22; военный городок
улица Тукая; тукать
Мартовская улица;"мартовский 
"
Пятницкая улица;"пятницкая 
"
улица Зворыкина; зворыкин
Челябинская улица;"челябинский 
"
Можайская улица;"можайский 
"
Колодезная улица;"колодезный 
"
Нижнеамурский переулок;"нижнеамурский 
"
Сормовская улица;"сормовский 
"
Слуцкая улица;"слуцкая 
"
улица Ермоловой; ермолова
улица Тунгусский Овраг; тунгусский овраг
Басаргинская улица;"басаргинский 
"
Лихая улица;"лихой 
"
улица Будённого; буденный
Бирюзовый переулок;"бирюзовый 
"
Путейская улица;"путейский 
"
улица Верещагина; верещагин
Карело-Финская улица;"карелофинский 
"
улица Скрябина; скрябин
улица Бородина; бородина
Ейская улица;"ейский 
"
Темрюкская улица;"темрюкский 
"
улица Чигорина; чигорина
Старобельская улица;"старобельский 
"
Горловская улица;"горловский 
"
улица Абрамшвили; абрамшвили
Артекская улица;"артекский 
"
улица Кожевникова; кожевников
Беломорская улица;"беломорский 
"
улица Котовского; котовский
Демидовская улица;"демидовский 
"
Горная улица;"горный 
"
улица Лебединского; лебединский
Шепетовская улица;"шепетовский 
"
Силикатная улица;"силикатный 
"
Тернопольская улица;"тернопольский 
"
улица Захарова; захаров
улица Хмелёва; хмелев
Кандалакшский переулок;"кандалакшский 
"
Нарезенская улица;"нарезенский 
"
Василеостровский переулок;"василеостровский 
"
Прокопьевская улица;"прокопьевский 
"
улица Макарчука; макарчук
улица Звездина; звездина
Красноярская улица;"красноярский 
"
Совнаркомовская улица;"совнаркомовский 
"
Антарктидская улица;"антарктидский 
"
улица Композитора Алябьева; композитор алябьева
Магаданская улица;"магаданский 
"
Кузбасская улица;"кузбасский 
"
Героическая улица;"героический 
"
Абоянская улица;"абоянский 
"
улица Каляева; каляев
Хибинский переулок;"хибинский 
"
Хибинская улица;"хибинский 
"
Транспортная улица;"транспортный 
"
Дубравная улица;"дубравный 
"
Ямская улица;"ямский 
"
улица Харламова; харламова
Газонный переулок;"газонный 
"
Боровая улица;"боровой 
"
Горский переулок;"горский 
"
улица Алых Роз; алый роза
Липовая улица;"липовый 
"
Павелецкая улица;"павелецкий 
"
улица Любови Шевцовой; любовь шевцова
улица Ивана Земнухова; иван земнуховый
Сахалинская улица;"сахалинский 
"
Мостовой проезд;
Камчатская улица;"камчатский 
"
Колымская улица;"колымский 
"
Камчатский переулок;"камчатский 
"
переулок Ивана Земнухова;иван земнуховый
Сахалинский переулок;"сахалинский 
"
Лугопольская улица;"лугопольский 
"
"СНТ ""40 лет Октября"", массив 3";
Бударинская улица;"бударинский 
"
Филоновская улица;"филоновский 
"
улица Кравченко; кравченко
улица Афанасия Ермакова; афанасий ермаков
проспект Энтузиастов;энтузиаст
"СНТ ""Транспортник"", ярус 1";
Тибетский проезд;
Бузулукский проезд;
улица Бурденко; бурденко
Городнянская улица;"городнянский 
"
улица Вавилова; вавилов
улица имени Петрова; петров
Заветная улица;"заветный 
"
Солнечногорская улица;"солнечногорский 
"
Стародубская улица;"стародубская 
"
"СНТ ""Транспортник"", ярус 2";
"СНТ ""Транспортник"", ярус 3";
23-я улица;
22-я улица;
21-я улица;
20-я улица;
19-я улица;
18-я улица;" 
"
17-я улица;" 
"
16-я улица;" 
"
15-я улица;" 
"
14-я улица;" 
"
"СНТ ""Транспортник""";
переулок Сергея Тюленина;сергей тюленин
"СНТ ""Монолит"", квартал 1";
"СНТ "" Тюльпан-1"", линия 9";
"СНТ "" Тюльпан-1"", линия 8";
"СНТ "" Тюльпан-1"", линия 7";
"СНТ "" Тюльпан-1"", линия 1";
Ельшанская улица, 77;
"СНТ ""Тюльпан-1"", линия 1";
11-я улица;
7-я улица;" 
"
6-я улица;" 
"
5-я улица;" 
"
4-я улица;" 
"
3-я улица;
2-я улица;
1-я улица;
12-я улица;
улица 13-я;" 
"
улица 14-я;" 
"
улица 15-я;" 
"
улица 18-я;" 
"
улица 19-я;" 
"
улица 20-я;" 
"
улица 21-я;" 
"
улица Новая Пашня; новый пашня
2-я Круговая улица;"круговой 
"
улица 11-я;" 
"
улица 3-я;" 
"
улица 2-я;" 
"
улица 1-я;" 
"
улица 4;" 
"
улица 5;" 
"
улица 6;" 
"
улица 7;" 
"
улица 9;" 
"
улица 11;" 
"
улица 13;" 
"
улица 12;" 
"
улица 8;" 
"
улица 14;" 
"
улица 31-я;" 
"
улица 17;" 
"
улица 18;" 
"
улица 19;" 
"
улица 20;" 
"
Бронзовый переулок;"бронзовый 
"
Мичуринская улица;"мичуринский 
"
Яндыковская улица;"яндыковский 
"
Цитрусовая улица;"цитрусовый 
"
Калиновая улица;"калиновый 
"
Жуковская улица;"жуковская 
"
улица Симиренко; симиренко
улица 4-я;" 
"
Таджикская улица;"таджикский 
"
2-я Консервная улица;"консервный 
"
Казанская улица;"казанский 
"
Дагестанская улица;"дагестанский 
"
"СНТ ""Тюльпан-1"", линия 3";
Конотопская улица;"конотопский 
"
Унжинская улица;"унжинский 
"
Ногинская улица;"ногинский 
"
Квартальный переулок;"квартальный 
"
Костромской переулок;"костромской 
"
Смольная улица;"смольный 
"
Алма-Атинская улица;"алматинский 
"
Приволжская улица;"приволжский 
"
Мандариновая улица;"мандариновый 
"
Крыжовниковая улица;"крыжовниковый 
"
Смородиновая улица;"смородиновый 
"
Рыбинский переулок;"рыбинский 
"
Быковский переулок;"быковский 
"
Березовская улица;"березовская 
"
Лимонная улица;"лимонный 
"
Черничная улица;"черничный 
"
Земляничная улица;"земляничный 
"
Финиковая улица;"финиковый 
"
Красноводская улица;"красноводский 
"
Клюквенная улица;"клюквенный 
"
Тутовниковая улица;"тутовниковый 
"
Базисная улица;"базисный 
"
Ойротская улица;"ойротский 
"
Белорусская улица;"белорусский 
"
Линёвская улица;"линевская 
"
Облепиховая улица;"облепиховый 
"
улица Собинова; собинова
Прилинейная улица;"прилинейный 
"
Водокачная улица;"водокачный 
"
улица Ананасная; ананасный
улица Метеор; метеор
Родиковая улица;"родиковый 
"
улица Отдыха; отдых
улица Здоровья; здоровье
Шестьдесят Вторая улица;"шестьдесят второй 
"
Шестьдесят Первая улица;"шестьдесят первый 
"
Шестидесятая улица;"шестидесятый 
"
Пятьдесят Девятая улица;"пятьдесят девятый 
"
Пятьдесят Восьмая улица;"пятьдесят восьмой 
"
Пятьдесят Вторая улица;"пятьдесят второй 
"
Пятьдесят Первая улица;"пятьдесят первый 
"
улица 53-я;" 
"
улица 54-я;" 
"
улица 55-я;" 
"
улица 56-я;" 
"
улица 63-я;" 
"
Шестьдесят Третья улица;"шестьдесят третий 
"
улица 57-я;" 
"
Смежная улица;"смежный 
"
2 массив;
3 массив;
1 массив;
улица 1 массив; массив
улица Просвещение; просвещение
Двадцать Восьмая улица;"двадцать восьмой 
"
Двадцать Седьмая улица;"двадцать седьмой 
"
Двадцать Пятая улица;"двадцать пятый 
"
Двадцать Вторая улица;"двадцать второй 
"
Двадцать Первая улица;"двадцать первый 
"
Двадцать Шестая улица;"двадцать шестой 
"
улица 34-я;" 
"
Двадцать Девятая улица;"двадцать девятый 
"
Тридцать Шестая улица;"тридцать шестой 
"
Двадцать Четвёртая улица;"двадцать четвертый 
"
Сорок Первая улица;"сорок первый 
"
Двадцатая улица;"двадцатый 
"
Девятнадцатая улица;"девятнадцатый 
"
Восемнадцатая улица;"восемнадцатый 
"
улица 17-я;" 
"
Пятидесятая улица;"пятидесятый 
"
Шестнадцатая улица;"шестнадцатый 
"
Четырнадцатая улица;"четырнадцатый 
"
Тринадцатая улица;"тринадцатый 
"
Двенадцатая улица;"двенадцатый 
"
Одиннадцатая улица;"одиннадцатый 
"
Керченская улица;"керченский 
"
улица 25-я Линия;  линия
улица 26-я Линия;  линия
улица 27-я Линия;  линия
улица 28-я Линия;  линия
улица 29-я Линия; линия
улица 18-я Линия;  линия
улица 17-я Линия;  линия
улица 16-я Линия;  линия
улица 15-я Линия;  линия
улица 14-я Линия;  линия
улица 13-я Линия; линия
улица 12-я Линия; линия
улица 11-я Линия; линия
улица 10-я Линия; линия
улица 9-я Линия; линия
улица 8-я Линия;  линия
улица 7-я Линия;  линия
улица 6-я Линия;  линия
улица 5-я Линия;  линия
улица 4-я Линия;  линия
улица 3-я Линия; линия
улица 2-я Линия; линия
Центральная-Апельсиновая улица;"центральнаяпельсиновый 
"
улица 1;" 
"
улица 2;" 
"
улица 3;" 
"
Чистопольская улица;"чистопольский 
"
Валдайская улица;"валдайский 
"
Доменная улица;"доменный 
"
Прикарпатская улица;"прикарпатский 
"
Дуганская улица;"дуганский 
"
Новочеркасская улица;"новочеркасский 
"
улица Смычки; смычок
Каральская улица;"каральский 
"
Крутоовражная улица;"крутоовражный 
"
Погроменская улица;"погроменский 
"
Батайская улица;"батайский 
"
Адыгейская улица;"адыгейский 
"
улица Юрия Долгорукова; юрий долгоруков
улица Юрия Долгорукого; юрий долгорукий
Ченстоховский переулок;"ченстоховский 
"
13-я улица;
Знаменский переулок;"знаменский 
"
Молодёжный переулок;"молодежный 
"
Приовражная улица;"приовражный 
"
Запрудная улица;"запрудный 
"
"улица 1""А""";" ""а""
"
"1""А"" улица";"""а"" 
"
Институтская улица;"институтский 
"
Калмыцкая улица;"калмыцкий 
"
улица Новостроек; новостройка
Тенистая улица;"тенистый 
"
Грузовая улица;"грузовой 
"
улица Приовражная (квартал Волта);" приовражный (квартал волта)
"
улица Центральная (квартал Волта);" центральный (квартал волта)
"
Чинаковская улица;"чинаковский 
"
Уржумская улица;"уржумский 
"
Стрелецкая улица;"стрелецкий 
"
Ратная улица;"ратный 
"
улица Немировича-Данченко; немировичаданченко
улица Садовского; садовский
улица Константина Заслонова; константин заслонова
Грановитая улица;"грановитый 
"
Азербайджанская улица;"азербайджанский 
"
Иловайская улица;"иловайский 
"
улица 70-летия Победы; летие победа
улица Лейтенанта Токарева; лейтенант токарева
улица Боровского; боровской
улица Сафонова; сафонова
улица Малыгина; малыгин
Изумрудная улица;"изумрудный 
"
Заповедная улица;"заповедный 
"
улица Семёнова-Тян-Шанского; семеноватяншанский
улица им. Михайлова; михайлов
улица Чулкова; чулков
Гайворонский переулок;"гайворонский 
"
улица Галицына; галицын
улица Адама Мицкевича; адам мицкевич
улица Саврасова; саврасова
улица Карпинского; карпинский
улица Река Пионерка; река пионерка
Херсонская улица;"херсонский 
"
Новопреображенская улица;"новопреображенский 
"
Александрийская улица;"александрийский 
"
улица Полковника Климчука; полковник климчук
улица Бадальяна; бадальян
улица Рыжкова; рыжков
улица Рыкова; рыков
улица Надежды; надежда
Светлая улица;"светлый 
"
улица 36-й Гвардейской;  гвардейский
Педагогическая улица;"педагогический 
"
Сельскохозяйственная улица;"сельскохозяйственный 
"
Сорочинская улица;"сорочинский 
"
Волгоградский переулок;"волгоградский 
"
Крутенькая улица;"крутенький 
"
Старовознесенская улица;"старовознесенский 
"
Спасская улица;"спасский 
"
"СНТ ""Север"", квартал 1а";
"СНТ ""Север"", квартал 1";
"СНТ ""Север"", квартал 1А";
"СНТ ""Север"", квартал 11";
"СНТ ""Север"", квартал 10";
"СНТ ""Север"", квартал 9";
"СНТ ""Север"", квартал 2";
"СНТ ""Север"", квартал 3";
"СНТ ""Север"", квартал ,3";
"СНТ ""Север"", квартал 4";
"СНТ ""Север"", квартал 6";
"СНТ ""Север"", квартал 5";
"СНТ ""Север"", квартал 12";
"СНО ""Мичуренец-7"", квартал 2";
"СНО ""Мичуренец-7"", квартал 1";
"СНТ ""Север"", квартал 8";
"СНО ""Мичуренец-7"", квартал 5";
"СНО ""Мичуренец-7"", квартал 4";
"СНТ ""Север"", квартал 7";
"СНО ""Гидростроитель"", улица 5";"сно ""гидростроитель"",  
"
"СНО ""Гидростроитель"", улица 4";"сно ""гидростроитель"",  
"
"СНТ ""Строитель""";
"СНО ""Мичуренец-7"", квартал 6";
5-я Продольная улица;" продольный 
"
"СНО ""Мичуренец-7"", квартал 7";
"СНО ""Мичуренец-7"", квартал 8";
"СНО ""Мичуренец-7"", квартал 9";
"СНО ""Мичуренец-7"", квартал 10";
"СНО ""Мичуренец-7"", квартал 14";
"СНО ""Мичуренец-7"", квартал 13";
"СНО ""Мичуренец-7"", квартал 20";
"СНО ""Мичуренец-7"", квартал 15";
"СНО ""Мичуренец-7"", квартал 16";
"СНО ""Мичуренец-7"", квартал 19";
"СНО ""Мичуренец-7"", квартал 12";
"СНО ""Мичуренец-7"", квартал 17";
"СНО ""Мичуренец-7"", квартал 18";
"СНО ""Мичуренец-7"", квартал 11";
Асфальтовая улица;"асфальтовый 
"
10-я Северная улица;"северный 
"
5-я Северная улица;" северный 
"
8-я Северная улица;" северный 
"
Седьмая улица;"седьмой 
"
Шестая улица;"шестой 
"
19-я Продольная улица;"продольный 
"
18-я Продольная улица;" продольный 
"
17-я Продольная улица;" продольный 
"
16-я Продольная улица;" продольный 
"
15-я Продольная улица;" продольный 
"
14-я Продольная улица;" продольный 
"
13-я Продольная улица;"продольный 
"
12-я Продольная улица;"продольный 
"
11-я Продольная улица;"продольный 
"
10-я Продольная улица;"продольный 
"
9-я Продольная улица;"продольный 
"
8-я Продольная улица;" продольный 
"
7-я Продольная улица;" продольный 
"
20-я Продольная улица;"продольный 
"
6-я Продольная улица;" продольный 
"
улица им. Твардовского; твардовский
"СТ ""Трампарк""";
СНТ Дубовая балка;
2-я Западная улица;"западный 
"
1-я Западная улица;"западный 
"
12-я Западная улица;"западный 
"
"СТ ""Волжанин""";
"СНТ ""Волжанин""";
улица им. Неждановой; нежданова
снт Победа;
Сосновый переулок;"сосновый 
"
Родниковый переулок;"родниковый 
"
переулок Вязов;вяз
улица Вязов; вяз
улица Роз; роза
переулок Роз;роза
Продольный переулок;"продольный 
"
Иверский переулок;"иверский 
"
Уваровская улица;"уваровский 
"
Фабричная улица;"фабричный 
"
СНТ  Дубок;
Сторожевой переулок;"сторожевой 
"
Сельская улица;"сельский 
"
Хвойный переулок;"хвойный 
"
улица Воинов-Интернационалистов; воиновинтернационалист
Западновская улица;"западновский 
"
Гидротехническая улица;"гидротехнический 
"
Восточный переулок;"восточный 
"
переулок Максима Горького;максим горький
Химический переулок;"химический 
"
Красного Октября улица;"красный октябрь 
"
Красного Октября переулок;"красный октябрь 
"
улица Аляева; аляев
Кооперативный переулок;"кооперативный 
"
Осенний переулок;"осенний 
"
Революционный переулок;"революционный 
"
Проезжий переулок;"проезжий 
"
Краснознаменский переулок;"краснознаменский 
"
Пляжная улица;"пляжный 
"
1-я Дорожная улица;"дорожный 
"
2-я Проезжая улица;"проезжать 
"
2-я улица Снайпера Пассара; снайпер пассар
3-А улица;
23-й улица Стрелковой Дивизии; стрелковый дивизия
СНТ Восход 2-я улица;"снт восход 
"
СНТ Восход 1-я улица;"снт восход 
"
СНТ Восход 3-я улица;"снт восход 
"
СНТ Восход 5-я улица;"снт восход  
"
СНТ Восход 4-я улица;"снт восход  
"
СНТ Восход 25-я улица;"снт восход  
"
СНТ Восход 26-я улица;"снт восход  
"
СНТ Восход 24-я улица;"снт восход  
"
СНТ Восход 23-я улица;"снт восход 
"
СНТ Восход 22-я улица;"снт восход 
"
СНТ Восход 20-я улица;"снт восход 
"
Горный переулок;"горный 
"
переулок Восток;восток
Красный переулок;"красный 
"
8 Марта улица;" март 
"
Радужный переулок;"радужный 
"
Пихтовая улица;"пихтовый 
"
улица Димитрова; димитров
переулок Димитрова;димитров
11-й переулок;
Нулевая улица;"нулевой 
"
Закузнецкий переулок;"закузнецкий 
"
Ивушкина улица;"ивушкин 
"
улица Нечаевой; нечаева
улица Кобзева; кобзев
переулок Запарина;запарина
переулок Лизы Чайкиной;лиза чайкина
улица Серёгина; серегин
Ольховая улица;"ольховый 
"
Крапивная улица;"крапивный 
"
Фундуковая улица;"фундуковый 
"
Дивная улица;"дивный 
"
Бирюзовая улица;"бирюзовый 
"
улица им.Харламова; харламова
Аводорога 6;
пересечение 3-ей Продольной магистрали и а/д на Орловский песчаный карьер;
вдоль 3-й продольной магистрали, справа по ходу движения из г. Сызрань;
Титановый переулок;"титановый 
"
Нефритовая улица;"нефритовый 
"
Берилловая улица;"берилловый 
"
Титановая улица;"титановый 
"
21-я Песчаная улица;"песчаный 
"
9-я Песчаная улица;"песчаный 
"
Экскаваторная улица;"экскаваторный 
"
1-й Зелёный переулок;"зеленый 
"
улица имени Гвардии Майора Маресьева; гвардия майор маресьев
Базовский переулок;"базовский 
"
Круговая улица;"круговой 
"
Садовый Переулок;"садовый 
"
Выгонный переулок;"выгонный 
"
Центральная;
Переулок Авиаторов;авиатор
Вилянская;
улица Космодемьянская; космодемьянский
улица Ушакова; ушаков
улица Пугачёва; пугачев
Первомайская;
;
